ISO-10303-21;
HEADER;
/* Generated by software containing ST-Developer
 * from STEP Tools, Inc. (www.steptools.com) 
 */

FILE_DESCRIPTION(
/* description */ (''),
/* implementation_level */ '2;1');

FILE_NAME(
/* name */ 'BK2421.step',
/* time_stamp */ '2026-05-23T18:30:17-03:00',
/* author */ (''),
/* organization */ (''),
/* preprocessor_version */ 'ST-DEVELOPER v20.1',
/* originating_system */ 'Autodesk Translation Framework v15.8.0.0',
/* authorisation */ '');

FILE_SCHEMA (('AUTOMOTIVE_DESIGN { 1 0 10303 214 3 1 1 }'));
ENDSEC;

DATA;
#10=MECHANICAL_DESIGN_GEOMETRIC_PRESENTATION_REPRESENTATION('',(#26,#27,
#28,#29,#30,#31,#32,#33,#34,#35,#36,#37,#38,#39,#40,#41,#42,#43,#44,#45,
#46,#47),#5937);
#11=CONTEXT_DEPENDENT_OVER_RIDING_STYLED_ITEM('',(#5970),#5952,#47,(#17));
#12=MAPPED_ITEM('',#13,#3965);
#13=REPRESENTATION_MAP(#3965,#5950);
#14=ITEM_DEFINED_TRANSFORMATION($,$,#3751,#3963);
#15=ITEM_DEFINED_TRANSFORMATION($,$,#3842,#3964);
#16=(
REPRESENTATION_RELATIONSHIP($,$,#5951,#5950)
REPRESENTATION_RELATIONSHIP_WITH_TRANSFORMATION(#14)
SHAPE_REPRESENTATION_RELATIONSHIP()
);
#17=(
REPRESENTATION_RELATIONSHIP($,$,#5952,#5950)
REPRESENTATION_RELATIONSHIP_WITH_TRANSFORMATION(#15)
SHAPE_REPRESENTATION_RELATIONSHIP()
);
#18=CONTEXT_DEPENDENT_SHAPE_REPRESENTATION(#16,#5948);
#19=CONTEXT_DEPENDENT_SHAPE_REPRESENTATION(#17,#5949);
#20=NEXT_ASSEMBLY_USAGE_OCCURRENCE('Corpo :1','Corpo :1','Corpo :1',#5954,
#5955,'Corpo :1');
#21=NEXT_ASSEMBLY_USAGE_OCCURRENCE('Pads:1','Pads:1','Pads:1',#5954,#5956,
'Pads:1');
#22=SHAPE_REPRESENTATION_RELATIONSHIP('SRR','None',#5951,#24);
#23=SHAPE_REPRESENTATION_RELATIONSHIP('SRR','None',#5952,#25);
#24=ADVANCED_BREP_SHAPE_REPRESENTATION('',(#48),#5935);
#25=ADVANCED_BREP_SHAPE_REPRESENTATION('',(#49,#50,#51,#52,#53,#54,#55,
#56,#57,#58,#59,#60,#61,#62,#63,#64,#65,#66,#67,#68),#5936);
#26=STYLED_ITEM('',(#5971),#48);
#27=STYLED_ITEM('',(#5970),#49);
#28=STYLED_ITEM('',(#5970),#50);
#29=STYLED_ITEM('',(#5970),#51);
#30=STYLED_ITEM('',(#5970),#52);
#31=STYLED_ITEM('',(#5970),#53);
#32=STYLED_ITEM('',(#5970),#54);
#33=STYLED_ITEM('',(#5970),#55);
#34=STYLED_ITEM('',(#5970),#56);
#35=STYLED_ITEM('',(#5970),#57);
#36=STYLED_ITEM('',(#5970),#58);
#37=STYLED_ITEM('',(#5970),#59);
#38=STYLED_ITEM('',(#5970),#60);
#39=STYLED_ITEM('',(#5970),#61);
#40=STYLED_ITEM('',(#5970),#62);
#41=STYLED_ITEM('',(#5970),#63);
#42=STYLED_ITEM('',(#5970),#64);
#43=STYLED_ITEM('',(#5970),#65);
#44=STYLED_ITEM('',(#5970),#66);
#45=STYLED_ITEM('',(#5970),#67);
#46=STYLED_ITEM('',(#5970),#68);
#47=STYLED_ITEM('',(#5972),#12);
#48=MANIFOLD_SOLID_BREP('Corpo1',#3706);
#49=MANIFOLD_SOLID_BREP('Corpo1',#3707);
#50=MANIFOLD_SOLID_BREP('Corpo2',#3708);
#51=MANIFOLD_SOLID_BREP('Corpo3',#3709);
#52=MANIFOLD_SOLID_BREP('Corpo4',#3710);
#53=MANIFOLD_SOLID_BREP('Corpo5',#3711);
#54=MANIFOLD_SOLID_BREP('Corpo6',#3712);
#55=MANIFOLD_SOLID_BREP('Corpo7',#3713);
#56=MANIFOLD_SOLID_BREP('Corpo8',#3714);
#57=MANIFOLD_SOLID_BREP('Corpo9',#3715);
#58=MANIFOLD_SOLID_BREP('Corpo10',#3716);
#59=MANIFOLD_SOLID_BREP('Corpo11',#3717);
#60=MANIFOLD_SOLID_BREP('Corpo12',#3718);
#61=MANIFOLD_SOLID_BREP('Corpo13',#3719);
#62=MANIFOLD_SOLID_BREP('Corpo14',#3720);
#63=MANIFOLD_SOLID_BREP('Corpo15',#3721);
#64=MANIFOLD_SOLID_BREP('Corpo16',#3722);
#65=MANIFOLD_SOLID_BREP('Corpo17',#3723);
#66=MANIFOLD_SOLID_BREP('Corpo18',#3724);
#67=MANIFOLD_SOLID_BREP('Corpo19',#3725);
#68=MANIFOLD_SOLID_BREP('Corpo20',#3726);
#69=FACE_BOUND('',#369,.T.);
#70=CIRCLE('',#3837,0.125);
#71=CIRCLE('',#3838,0.125);
#72=CYLINDRICAL_SURFACE('',#3836,0.125);
#73=FACE_OUTER_BOUND('',#281,.T.);
#74=FACE_OUTER_BOUND('',#282,.T.);
#75=FACE_OUTER_BOUND('',#283,.T.);
#76=FACE_OUTER_BOUND('',#284,.T.);
#77=FACE_OUTER_BOUND('',#285,.T.);
#78=FACE_OUTER_BOUND('',#286,.T.);
#79=FACE_OUTER_BOUND('',#287,.T.);
#80=FACE_OUTER_BOUND('',#288,.T.);
#81=FACE_OUTER_BOUND('',#289,.T.);
#82=FACE_OUTER_BOUND('',#290,.T.);
#83=FACE_OUTER_BOUND('',#291,.T.);
#84=FACE_OUTER_BOUND('',#292,.T.);
#85=FACE_OUTER_BOUND('',#293,.T.);
#86=FACE_OUTER_BOUND('',#294,.T.);
#87=FACE_OUTER_BOUND('',#295,.T.);
#88=FACE_OUTER_BOUND('',#296,.T.);
#89=FACE_OUTER_BOUND('',#297,.T.);
#90=FACE_OUTER_BOUND('',#298,.T.);
#91=FACE_OUTER_BOUND('',#299,.T.);
#92=FACE_OUTER_BOUND('',#300,.T.);
#93=FACE_OUTER_BOUND('',#301,.T.);
#94=FACE_OUTER_BOUND('',#302,.T.);
#95=FACE_OUTER_BOUND('',#303,.T.);
#96=FACE_OUTER_BOUND('',#304,.T.);
#97=FACE_OUTER_BOUND('',#305,.T.);
#98=FACE_OUTER_BOUND('',#306,.T.);
#99=FACE_OUTER_BOUND('',#307,.T.);
#100=FACE_OUTER_BOUND('',#308,.T.);
#101=FACE_OUTER_BOUND('',#309,.T.);
#102=FACE_OUTER_BOUND('',#310,.T.);
#103=FACE_OUTER_BOUND('',#311,.T.);
#104=FACE_OUTER_BOUND('',#312,.T.);
#105=FACE_OUTER_BOUND('',#313,.T.);
#106=FACE_OUTER_BOUND('',#314,.T.);
#107=FACE_OUTER_BOUND('',#315,.T.);
#108=FACE_OUTER_BOUND('',#316,.T.);
#109=FACE_OUTER_BOUND('',#317,.T.);
#110=FACE_OUTER_BOUND('',#318,.T.);
#111=FACE_OUTER_BOUND('',#319,.T.);
#112=FACE_OUTER_BOUND('',#320,.T.);
#113=FACE_OUTER_BOUND('',#321,.T.);
#114=FACE_OUTER_BOUND('',#322,.T.);
#115=FACE_OUTER_BOUND('',#323,.T.);
#116=FACE_OUTER_BOUND('',#324,.T.);
#117=FACE_OUTER_BOUND('',#325,.T.);
#118=FACE_OUTER_BOUND('',#326,.T.);
#119=FACE_OUTER_BOUND('',#327,.T.);
#120=FACE_OUTER_BOUND('',#328,.T.);
#121=FACE_OUTER_BOUND('',#329,.T.);
#122=FACE_OUTER_BOUND('',#330,.T.);
#123=FACE_OUTER_BOUND('',#331,.T.);
#124=FACE_OUTER_BOUND('',#332,.T.);
#125=FACE_OUTER_BOUND('',#333,.T.);
#126=FACE_OUTER_BOUND('',#334,.T.);
#127=FACE_OUTER_BOUND('',#335,.T.);
#128=FACE_OUTER_BOUND('',#336,.T.);
#129=FACE_OUTER_BOUND('',#337,.T.);
#130=FACE_OUTER_BOUND('',#338,.T.);
#131=FACE_OUTER_BOUND('',#339,.T.);
#132=FACE_OUTER_BOUND('',#340,.T.);
#133=FACE_OUTER_BOUND('',#341,.T.);
#134=FACE_OUTER_BOUND('',#342,.T.);
#135=FACE_OUTER_BOUND('',#343,.T.);
#136=FACE_OUTER_BOUND('',#344,.T.);
#137=FACE_OUTER_BOUND('',#345,.T.);
#138=FACE_OUTER_BOUND('',#346,.T.);
#139=FACE_OUTER_BOUND('',#347,.T.);
#140=FACE_OUTER_BOUND('',#348,.T.);
#141=FACE_OUTER_BOUND('',#349,.T.);
#142=FACE_OUTER_BOUND('',#350,.T.);
#143=FACE_OUTER_BOUND('',#351,.T.);
#144=FACE_OUTER_BOUND('',#352,.T.);
#145=FACE_OUTER_BOUND('',#353,.T.);
#146=FACE_OUTER_BOUND('',#354,.T.);
#147=FACE_OUTER_BOUND('',#355,.T.);
#148=FACE_OUTER_BOUND('',#356,.T.);
#149=FACE_OUTER_BOUND('',#357,.T.);
#150=FACE_OUTER_BOUND('',#358,.T.);
#151=FACE_OUTER_BOUND('',#359,.T.);
#152=FACE_OUTER_BOUND('',#360,.T.);
#153=FACE_OUTER_BOUND('',#361,.T.);
#154=FACE_OUTER_BOUND('',#362,.T.);
#155=FACE_OUTER_BOUND('',#363,.T.);
#156=FACE_OUTER_BOUND('',#364,.T.);
#157=FACE_OUTER_BOUND('',#365,.T.);
#158=FACE_OUTER_BOUND('',#366,.T.);
#159=FACE_OUTER_BOUND('',#367,.T.);
#160=FACE_OUTER_BOUND('',#368,.T.);
#161=FACE_OUTER_BOUND('',#370,.T.);
#162=FACE_OUTER_BOUND('',#371,.T.);
#163=FACE_OUTER_BOUND('',#372,.T.);
#164=FACE_OUTER_BOUND('',#373,.T.);
#165=FACE_OUTER_BOUND('',#374,.T.);
#166=FACE_OUTER_BOUND('',#375,.T.);
#167=FACE_OUTER_BOUND('',#376,.T.);
#168=FACE_OUTER_BOUND('',#377,.T.);
#169=FACE_OUTER_BOUND('',#378,.T.);
#170=FACE_OUTER_BOUND('',#379,.T.);
#171=FACE_OUTER_BOUND('',#380,.T.);
#172=FACE_OUTER_BOUND('',#381,.T.);
#173=FACE_OUTER_BOUND('',#382,.T.);
#174=FACE_OUTER_BOUND('',#383,.T.);
#175=FACE_OUTER_BOUND('',#384,.T.);
#176=FACE_OUTER_BOUND('',#385,.T.);
#177=FACE_OUTER_BOUND('',#386,.T.);
#178=FACE_OUTER_BOUND('',#387,.T.);
#179=FACE_OUTER_BOUND('',#388,.T.);
#180=FACE_OUTER_BOUND('',#389,.T.);
#181=FACE_OUTER_BOUND('',#390,.T.);
#182=FACE_OUTER_BOUND('',#391,.T.);
#183=FACE_OUTER_BOUND('',#392,.T.);
#184=FACE_OUTER_BOUND('',#393,.T.);
#185=FACE_OUTER_BOUND('',#394,.T.);
#186=FACE_OUTER_BOUND('',#395,.T.);
#187=FACE_OUTER_BOUND('',#396,.T.);
#188=FACE_OUTER_BOUND('',#397,.T.);
#189=FACE_OUTER_BOUND('',#398,.T.);
#190=FACE_OUTER_BOUND('',#399,.T.);
#191=FACE_OUTER_BOUND('',#400,.T.);
#192=FACE_OUTER_BOUND('',#401,.T.);
#193=FACE_OUTER_BOUND('',#402,.T.);
#194=FACE_OUTER_BOUND('',#403,.T.);
#195=FACE_OUTER_BOUND('',#404,.T.);
#196=FACE_OUTER_BOUND('',#405,.T.);
#197=FACE_OUTER_BOUND('',#406,.T.);
#198=FACE_OUTER_BOUND('',#407,.T.);
#199=FACE_OUTER_BOUND('',#408,.T.);
#200=FACE_OUTER_BOUND('',#409,.T.);
#201=FACE_OUTER_BOUND('',#410,.T.);
#202=FACE_OUTER_BOUND('',#411,.T.);
#203=FACE_OUTER_BOUND('',#412,.T.);
#204=FACE_OUTER_BOUND('',#413,.T.);
#205=FACE_OUTER_BOUND('',#414,.T.);
#206=FACE_OUTER_BOUND('',#415,.T.);
#207=FACE_OUTER_BOUND('',#416,.T.);
#208=FACE_OUTER_BOUND('',#417,.T.);
#209=FACE_OUTER_BOUND('',#418,.T.);
#210=FACE_OUTER_BOUND('',#419,.T.);
#211=FACE_OUTER_BOUND('',#420,.T.);
#212=FACE_OUTER_BOUND('',#421,.T.);
#213=FACE_OUTER_BOUND('',#422,.T.);
#214=FACE_OUTER_BOUND('',#423,.T.);
#215=FACE_OUTER_BOUND('',#424,.T.);
#216=FACE_OUTER_BOUND('',#425,.T.);
#217=FACE_OUTER_BOUND('',#426,.T.);
#218=FACE_OUTER_BOUND('',#427,.T.);
#219=FACE_OUTER_BOUND('',#428,.T.);
#220=FACE_OUTER_BOUND('',#429,.T.);
#221=FACE_OUTER_BOUND('',#430,.T.);
#222=FACE_OUTER_BOUND('',#431,.T.);
#223=FACE_OUTER_BOUND('',#432,.T.);
#224=FACE_OUTER_BOUND('',#433,.T.);
#225=FACE_OUTER_BOUND('',#434,.T.);
#226=FACE_OUTER_BOUND('',#435,.T.);
#227=FACE_OUTER_BOUND('',#436,.T.);
#228=FACE_OUTER_BOUND('',#437,.T.);
#229=FACE_OUTER_BOUND('',#438,.T.);
#230=FACE_OUTER_BOUND('',#439,.T.);
#231=FACE_OUTER_BOUND('',#440,.T.);
#232=FACE_OUTER_BOUND('',#441,.T.);
#233=FACE_OUTER_BOUND('',#442,.T.);
#234=FACE_OUTER_BOUND('',#443,.T.);
#235=FACE_OUTER_BOUND('',#444,.T.);
#236=FACE_OUTER_BOUND('',#445,.T.);
#237=FACE_OUTER_BOUND('',#446,.T.);
#238=FACE_OUTER_BOUND('',#447,.T.);
#239=FACE_OUTER_BOUND('',#448,.T.);
#240=FACE_OUTER_BOUND('',#449,.T.);
#241=FACE_OUTER_BOUND('',#450,.T.);
#242=FACE_OUTER_BOUND('',#451,.T.);
#243=FACE_OUTER_BOUND('',#452,.T.);
#244=FACE_OUTER_BOUND('',#453,.T.);
#245=FACE_OUTER_BOUND('',#454,.T.);
#246=FACE_OUTER_BOUND('',#455,.T.);
#247=FACE_OUTER_BOUND('',#456,.T.);
#248=FACE_OUTER_BOUND('',#457,.T.);
#249=FACE_OUTER_BOUND('',#458,.T.);
#250=FACE_OUTER_BOUND('',#459,.T.);
#251=FACE_OUTER_BOUND('',#460,.T.);
#252=FACE_OUTER_BOUND('',#461,.T.);
#253=FACE_OUTER_BOUND('',#462,.T.);
#254=FACE_OUTER_BOUND('',#463,.T.);
#255=FACE_OUTER_BOUND('',#464,.T.);
#256=FACE_OUTER_BOUND('',#465,.T.);
#257=FACE_OUTER_BOUND('',#466,.T.);
#258=FACE_OUTER_BOUND('',#467,.T.);
#259=FACE_OUTER_BOUND('',#468,.T.);
#260=FACE_OUTER_BOUND('',#469,.T.);
#261=FACE_OUTER_BOUND('',#470,.T.);
#262=FACE_OUTER_BOUND('',#471,.T.);
#263=FACE_OUTER_BOUND('',#472,.T.);
#264=FACE_OUTER_BOUND('',#473,.T.);
#265=FACE_OUTER_BOUND('',#474,.T.);
#266=FACE_OUTER_BOUND('',#475,.T.);
#267=FACE_OUTER_BOUND('',#476,.T.);
#268=FACE_OUTER_BOUND('',#477,.T.);
#269=FACE_OUTER_BOUND('',#478,.T.);
#270=FACE_OUTER_BOUND('',#479,.T.);
#271=FACE_OUTER_BOUND('',#480,.T.);
#272=FACE_OUTER_BOUND('',#481,.T.);
#273=FACE_OUTER_BOUND('',#482,.T.);
#274=FACE_OUTER_BOUND('',#483,.T.);
#275=FACE_OUTER_BOUND('',#484,.T.);
#276=FACE_OUTER_BOUND('',#485,.T.);
#277=FACE_OUTER_BOUND('',#486,.T.);
#278=FACE_OUTER_BOUND('',#487,.T.);
#279=FACE_OUTER_BOUND('',#488,.T.);
#280=FACE_OUTER_BOUND('',#489,.T.);
#281=EDGE_LOOP('',(#2301,#2302,#2303,#2304));
#282=EDGE_LOOP('',(#2305,#2306,#2307,#2308));
#283=EDGE_LOOP('',(#2309,#2310,#2311,#2312));
#284=EDGE_LOOP('',(#2313,#2314,#2315,#2316));
#285=EDGE_LOOP('',(#2317,#2318,#2319,#2320,#2321,#2322,#2323,#2324,#2325,
#2326,#2327,#2328,#2329,#2330,#2331,#2332,#2333,#2334,#2335,#2336,#2337,
#2338,#2339,#2340));
#286=EDGE_LOOP('',(#2341,#2342,#2343,#2344));
#287=EDGE_LOOP('',(#2345,#2346,#2347,#2348));
#288=EDGE_LOOP('',(#2349,#2350,#2351,#2352));
#289=EDGE_LOOP('',(#2353,#2354,#2355,#2356));
#290=EDGE_LOOP('',(#2357,#2358,#2359,#2360,#2361,#2362,#2363,#2364,#2365,
#2366,#2367,#2368,#2369,#2370,#2371,#2372,#2373,#2374,#2375,#2376,#2377,
#2378,#2379,#2380,#2381,#2382,#2383,#2384,#2385,#2386,#2387,#2388,#2389,
#2390,#2391,#2392,#2393,#2394,#2395,#2396,#2397,#2398,#2399,#2400,#2401,
#2402,#2403,#2404,#2405,#2406,#2407,#2408,#2409,#2410,#2411,#2412,#2413,
#2414,#2415,#2416,#2417,#2418,#2419,#2420,#2421,#2422,#2423,#2424,#2425,
#2426,#2427,#2428,#2429,#2430,#2431,#2432,#2433,#2434,#2435,#2436,#2437,
#2438,#2439,#2440));
#291=EDGE_LOOP('',(#2441,#2442,#2443,#2444));
#292=EDGE_LOOP('',(#2445,#2446,#2447,#2448));
#293=EDGE_LOOP('',(#2449,#2450,#2451,#2452));
#294=EDGE_LOOP('',(#2453,#2454,#2455,#2456));
#295=EDGE_LOOP('',(#2457,#2458,#2459,#2460));
#296=EDGE_LOOP('',(#2461,#2462,#2463,#2464));
#297=EDGE_LOOP('',(#2465,#2466,#2467,#2468));
#298=EDGE_LOOP('',(#2469,#2470,#2471,#2472));
#299=EDGE_LOOP('',(#2473,#2474,#2475,#2476));
#300=EDGE_LOOP('',(#2477,#2478,#2479,#2480));
#301=EDGE_LOOP('',(#2481,#2482,#2483,#2484));
#302=EDGE_LOOP('',(#2485,#2486,#2487,#2488));
#303=EDGE_LOOP('',(#2489,#2490,#2491,#2492));
#304=EDGE_LOOP('',(#2493,#2494,#2495,#2496));
#305=EDGE_LOOP('',(#2497,#2498,#2499,#2500));
#306=EDGE_LOOP('',(#2501,#2502,#2503,#2504));
#307=EDGE_LOOP('',(#2505,#2506,#2507,#2508));
#308=EDGE_LOOP('',(#2509,#2510,#2511,#2512));
#309=EDGE_LOOP('',(#2513,#2514,#2515,#2516));
#310=EDGE_LOOP('',(#2517,#2518,#2519,#2520));
#311=EDGE_LOOP('',(#2521,#2522,#2523,#2524));
#312=EDGE_LOOP('',(#2525,#2526,#2527,#2528));
#313=EDGE_LOOP('',(#2529,#2530,#2531,#2532));
#314=EDGE_LOOP('',(#2533,#2534,#2535,#2536));
#315=EDGE_LOOP('',(#2537,#2538,#2539,#2540));
#316=EDGE_LOOP('',(#2541,#2542,#2543,#2544));
#317=EDGE_LOOP('',(#2545,#2546,#2547,#2548));
#318=EDGE_LOOP('',(#2549,#2550,#2551,#2552));
#319=EDGE_LOOP('',(#2553,#2554,#2555,#2556));
#320=EDGE_LOOP('',(#2557,#2558,#2559,#2560));
#321=EDGE_LOOP('',(#2561,#2562,#2563,#2564));
#322=EDGE_LOOP('',(#2565,#2566,#2567,#2568));
#323=EDGE_LOOP('',(#2569,#2570,#2571,#2572,#2573,#2574,#2575,#2576,#2577,
#2578,#2579,#2580,#2581,#2582,#2583,#2584,#2585,#2586,#2587,#2588,#2589,
#2590,#2591,#2592));
#324=EDGE_LOOP('',(#2593,#2594,#2595,#2596));
#325=EDGE_LOOP('',(#2597,#2598,#2599,#2600));
#326=EDGE_LOOP('',(#2601,#2602,#2603,#2604));
#327=EDGE_LOOP('',(#2605,#2606,#2607,#2608));
#328=EDGE_LOOP('',(#2609,#2610,#2611,#2612));
#329=EDGE_LOOP('',(#2613,#2614,#2615,#2616));
#330=EDGE_LOOP('',(#2617,#2618,#2619,#2620));
#331=EDGE_LOOP('',(#2621,#2622,#2623,#2624));
#332=EDGE_LOOP('',(#2625,#2626,#2627,#2628));
#333=EDGE_LOOP('',(#2629,#2630,#2631,#2632));
#334=EDGE_LOOP('',(#2633,#2634,#2635,#2636));
#335=EDGE_LOOP('',(#2637,#2638,#2639,#2640));
#336=EDGE_LOOP('',(#2641,#2642,#2643,#2644));
#337=EDGE_LOOP('',(#2645,#2646,#2647,#2648));
#338=EDGE_LOOP('',(#2649,#2650,#2651,#2652));
#339=EDGE_LOOP('',(#2653,#2654,#2655,#2656));
#340=EDGE_LOOP('',(#2657,#2658,#2659,#2660));
#341=EDGE_LOOP('',(#2661,#2662,#2663,#2664));
#342=EDGE_LOOP('',(#2665,#2666,#2667,#2668));
#343=EDGE_LOOP('',(#2669,#2670,#2671,#2672));
#344=EDGE_LOOP('',(#2673,#2674,#2675,#2676));
#345=EDGE_LOOP('',(#2677,#2678,#2679,#2680));
#346=EDGE_LOOP('',(#2681,#2682,#2683,#2684));
#347=EDGE_LOOP('',(#2685,#2686,#2687,#2688));
#348=EDGE_LOOP('',(#2689,#2690,#2691,#2692));
#349=EDGE_LOOP('',(#2693,#2694,#2695,#2696));
#350=EDGE_LOOP('',(#2697,#2698,#2699,#2700));
#351=EDGE_LOOP('',(#2701,#2702,#2703,#2704));
#352=EDGE_LOOP('',(#2705,#2706,#2707,#2708));
#353=EDGE_LOOP('',(#2709,#2710,#2711,#2712));
#354=EDGE_LOOP('',(#2713,#2714,#2715,#2716));
#355=EDGE_LOOP('',(#2717,#2718,#2719,#2720));
#356=EDGE_LOOP('',(#2721,#2722,#2723,#2724));
#357=EDGE_LOOP('',(#2725,#2726,#2727,#2728));
#358=EDGE_LOOP('',(#2729,#2730,#2731,#2732));
#359=EDGE_LOOP('',(#2733,#2734,#2735,#2736));
#360=EDGE_LOOP('',(#2737,#2738,#2739,#2740));
#361=EDGE_LOOP('',(#2741,#2742,#2743,#2744));
#362=EDGE_LOOP('',(#2745,#2746,#2747,#2748));
#363=EDGE_LOOP('',(#2749,#2750,#2751,#2752));
#364=EDGE_LOOP('',(#2753,#2754,#2755,#2756,#2757,#2758,#2759,#2760,#2761,
#2762,#2763,#2764,#2765,#2766,#2767,#2768,#2769,#2770,#2771,#2772,#2773,
#2774,#2775,#2776));
#365=EDGE_LOOP('',(#2777,#2778,#2779,#2780));
#366=EDGE_LOOP('',(#2781));
#367=EDGE_LOOP('',(#2782,#2783,#2784,#2785,#2786,#2787,#2788,#2789,#2790,
#2791,#2792,#2793,#2794,#2795,#2796,#2797,#2798,#2799,#2800,#2801,#2802,
#2803,#2804,#2805));
#368=EDGE_LOOP('',(#2806,#2807,#2808,#2809));
#369=EDGE_LOOP('',(#2810));
#370=EDGE_LOOP('',(#2811,#2812,#2813,#2814));
#371=EDGE_LOOP('',(#2815,#2816,#2817,#2818));
#372=EDGE_LOOP('',(#2819,#2820,#2821,#2822));
#373=EDGE_LOOP('',(#2823,#2824,#2825,#2826));
#374=EDGE_LOOP('',(#2827,#2828,#2829,#2830));
#375=EDGE_LOOP('',(#2831,#2832,#2833,#2834));
#376=EDGE_LOOP('',(#2835,#2836,#2837,#2838));
#377=EDGE_LOOP('',(#2839,#2840,#2841,#2842));
#378=EDGE_LOOP('',(#2843,#2844,#2845,#2846));
#379=EDGE_LOOP('',(#2847,#2848,#2849,#2850));
#380=EDGE_LOOP('',(#2851,#2852,#2853,#2854));
#381=EDGE_LOOP('',(#2855,#2856,#2857,#2858));
#382=EDGE_LOOP('',(#2859,#2860,#2861,#2862));
#383=EDGE_LOOP('',(#2863,#2864,#2865,#2866));
#384=EDGE_LOOP('',(#2867,#2868,#2869,#2870));
#385=EDGE_LOOP('',(#2871,#2872,#2873,#2874));
#386=EDGE_LOOP('',(#2875,#2876,#2877,#2878));
#387=EDGE_LOOP('',(#2879,#2880,#2881,#2882));
#388=EDGE_LOOP('',(#2883,#2884,#2885,#2886));
#389=EDGE_LOOP('',(#2887,#2888,#2889,#2890));
#390=EDGE_LOOP('',(#2891,#2892,#2893,#2894));
#391=EDGE_LOOP('',(#2895,#2896,#2897,#2898));
#392=EDGE_LOOP('',(#2899,#2900,#2901,#2902));
#393=EDGE_LOOP('',(#2903,#2904,#2905,#2906));
#394=EDGE_LOOP('',(#2907,#2908,#2909,#2910));
#395=EDGE_LOOP('',(#2911,#2912,#2913,#2914));
#396=EDGE_LOOP('',(#2915,#2916,#2917,#2918));
#397=EDGE_LOOP('',(#2919,#2920,#2921,#2922));
#398=EDGE_LOOP('',(#2923,#2924,#2925,#2926));
#399=EDGE_LOOP('',(#2927,#2928,#2929,#2930));
#400=EDGE_LOOP('',(#2931,#2932,#2933,#2934));
#401=EDGE_LOOP('',(#2935,#2936,#2937,#2938));
#402=EDGE_LOOP('',(#2939,#2940,#2941,#2942));
#403=EDGE_LOOP('',(#2943,#2944,#2945,#2946));
#404=EDGE_LOOP('',(#2947,#2948,#2949,#2950));
#405=EDGE_LOOP('',(#2951,#2952,#2953,#2954));
#406=EDGE_LOOP('',(#2955,#2956,#2957,#2958));
#407=EDGE_LOOP('',(#2959,#2960,#2961,#2962));
#408=EDGE_LOOP('',(#2963,#2964,#2965,#2966));
#409=EDGE_LOOP('',(#2967,#2968,#2969,#2970));
#410=EDGE_LOOP('',(#2971,#2972,#2973,#2974));
#411=EDGE_LOOP('',(#2975,#2976,#2977,#2978));
#412=EDGE_LOOP('',(#2979,#2980,#2981,#2982));
#413=EDGE_LOOP('',(#2983,#2984,#2985,#2986));
#414=EDGE_LOOP('',(#2987,#2988,#2989,#2990));
#415=EDGE_LOOP('',(#2991,#2992,#2993,#2994));
#416=EDGE_LOOP('',(#2995,#2996,#2997,#2998));
#417=EDGE_LOOP('',(#2999,#3000,#3001,#3002));
#418=EDGE_LOOP('',(#3003,#3004,#3005,#3006));
#419=EDGE_LOOP('',(#3007,#3008,#3009,#3010));
#420=EDGE_LOOP('',(#3011,#3012,#3013,#3014));
#421=EDGE_LOOP('',(#3015,#3016,#3017,#3018));
#422=EDGE_LOOP('',(#3019,#3020,#3021,#3022));
#423=EDGE_LOOP('',(#3023,#3024,#3025,#3026));
#424=EDGE_LOOP('',(#3027,#3028,#3029,#3030));
#425=EDGE_LOOP('',(#3031,#3032,#3033,#3034));
#426=EDGE_LOOP('',(#3035,#3036,#3037,#3038));
#427=EDGE_LOOP('',(#3039,#3040,#3041,#3042));
#428=EDGE_LOOP('',(#3043,#3044,#3045,#3046));
#429=EDGE_LOOP('',(#3047,#3048,#3049,#3050));
#430=EDGE_LOOP('',(#3051,#3052,#3053,#3054));
#431=EDGE_LOOP('',(#3055,#3056,#3057,#3058));
#432=EDGE_LOOP('',(#3059,#3060,#3061,#3062));
#433=EDGE_LOOP('',(#3063,#3064,#3065,#3066));
#434=EDGE_LOOP('',(#3067,#3068,#3069,#3070));
#435=EDGE_LOOP('',(#3071,#3072,#3073,#3074));
#436=EDGE_LOOP('',(#3075,#3076,#3077,#3078));
#437=EDGE_LOOP('',(#3079,#3080,#3081,#3082));
#438=EDGE_LOOP('',(#3083,#3084,#3085,#3086));
#439=EDGE_LOOP('',(#3087,#3088,#3089,#3090));
#440=EDGE_LOOP('',(#3091,#3092,#3093,#3094));
#441=EDGE_LOOP('',(#3095,#3096,#3097,#3098));
#442=EDGE_LOOP('',(#3099,#3100,#3101,#3102));
#443=EDGE_LOOP('',(#3103,#3104,#3105,#3106));
#444=EDGE_LOOP('',(#3107,#3108,#3109,#3110));
#445=EDGE_LOOP('',(#3111,#3112,#3113,#3114));
#446=EDGE_LOOP('',(#3115,#3116,#3117,#3118));
#447=EDGE_LOOP('',(#3119,#3120,#3121,#3122));
#448=EDGE_LOOP('',(#3123,#3124,#3125,#3126));
#449=EDGE_LOOP('',(#3127,#3128,#3129,#3130));
#450=EDGE_LOOP('',(#3131,#3132,#3133,#3134));
#451=EDGE_LOOP('',(#3135,#3136,#3137,#3138));
#452=EDGE_LOOP('',(#3139,#3140,#3141,#3142));
#453=EDGE_LOOP('',(#3143,#3144,#3145,#3146));
#454=EDGE_LOOP('',(#3147,#3148,#3149,#3150));
#455=EDGE_LOOP('',(#3151,#3152,#3153,#3154));
#456=EDGE_LOOP('',(#3155,#3156,#3157,#3158));
#457=EDGE_LOOP('',(#3159,#3160,#3161,#3162));
#458=EDGE_LOOP('',(#3163,#3164,#3165,#3166));
#459=EDGE_LOOP('',(#3167,#3168,#3169,#3170));
#460=EDGE_LOOP('',(#3171,#3172,#3173,#3174));
#461=EDGE_LOOP('',(#3175,#3176,#3177,#3178));
#462=EDGE_LOOP('',(#3179,#3180,#3181,#3182));
#463=EDGE_LOOP('',(#3183,#3184,#3185,#3186));
#464=EDGE_LOOP('',(#3187,#3188,#3189,#3190));
#465=EDGE_LOOP('',(#3191,#3192,#3193,#3194));
#466=EDGE_LOOP('',(#3195,#3196,#3197,#3198));
#467=EDGE_LOOP('',(#3199,#3200,#3201,#3202));
#468=EDGE_LOOP('',(#3203,#3204,#3205,#3206));
#469=EDGE_LOOP('',(#3207,#3208,#3209,#3210));
#470=EDGE_LOOP('',(#3211,#3212,#3213,#3214));
#471=EDGE_LOOP('',(#3215,#3216,#3217,#3218));
#472=EDGE_LOOP('',(#3219,#3220,#3221,#3222));
#473=EDGE_LOOP('',(#3223,#3224,#3225,#3226));
#474=EDGE_LOOP('',(#3227,#3228,#3229,#3230));
#475=EDGE_LOOP('',(#3231,#3232,#3233,#3234));
#476=EDGE_LOOP('',(#3235,#3236,#3237,#3238));
#477=EDGE_LOOP('',(#3239,#3240,#3241,#3242));
#478=EDGE_LOOP('',(#3243,#3244,#3245,#3246));
#479=EDGE_LOOP('',(#3247,#3248,#3249,#3250));
#480=EDGE_LOOP('',(#3251,#3252,#3253,#3254));
#481=EDGE_LOOP('',(#3255,#3256,#3257,#3258));
#482=EDGE_LOOP('',(#3259,#3260,#3261,#3262));
#483=EDGE_LOOP('',(#3263,#3264,#3265,#3266));
#484=EDGE_LOOP('',(#3267,#3268,#3269,#3270));
#485=EDGE_LOOP('',(#3271,#3272,#3273,#3274));
#486=EDGE_LOOP('',(#3275,#3276,#3277,#3278));
#487=EDGE_LOOP('',(#3279,#3280,#3281,#3282));
#488=EDGE_LOOP('',(#3283,#3284,#3285,#3286));
#489=EDGE_LOOP('',(#3287,#3288,#3289,#3290));
#490=LINE('',#4896,#983);
#491=LINE('',#4898,#984);
#492=LINE('',#4900,#985);
#493=LINE('',#4901,#986);
#494=LINE('',#4904,#987);
#495=LINE('',#4906,#988);
#496=LINE('',#4907,#989);
#497=LINE('',#4910,#990);
#498=LINE('',#4912,#991);
#499=LINE('',#4913,#992);
#500=LINE('',#4915,#993);
#501=LINE('',#4918,#994);
#502=LINE('',#4920,#995);
#503=LINE('',#4922,#996);
#504=LINE('',#4924,#997);
#505=LINE('',#4926,#998);
#506=LINE('',#4928,#999);
#507=LINE('',#4930,#1000);
#508=LINE('',#4932,#1001);
#509=LINE('',#4934,#1002);
#510=LINE('',#4936,#1003);
#511=LINE('',#4938,#1004);
#512=LINE('',#4940,#1005);
#513=LINE('',#4942,#1006);
#514=LINE('',#4944,#1007);
#515=LINE('',#4946,#1008);
#516=LINE('',#4948,#1009);
#517=LINE('',#4950,#1010);
#518=LINE('',#4952,#1011);
#519=LINE('',#4954,#1012);
#520=LINE('',#4956,#1013);
#521=LINE('',#4957,#1014);
#522=LINE('',#4960,#1015);
#523=LINE('',#4962,#1016);
#524=LINE('',#4963,#1017);
#525=LINE('',#4966,#1018);
#526=LINE('',#4968,#1019);
#527=LINE('',#4969,#1020);
#528=LINE('',#4971,#1021);
#529=LINE('',#4972,#1022);
#530=LINE('',#4976,#1023);
#531=LINE('',#4978,#1024);
#532=LINE('',#4979,#1025);
#533=LINE('',#4981,#1026);
#534=LINE('',#4983,#1027);
#535=LINE('',#4985,#1028);
#536=LINE('',#4987,#1029);
#537=LINE('',#4989,#1030);
#538=LINE('',#4991,#1031);
#539=LINE('',#4993,#1032);
#540=LINE('',#4995,#1033);
#541=LINE('',#4997,#1034);
#542=LINE('',#4999,#1035);
#543=LINE('',#5001,#1036);
#544=LINE('',#5003,#1037);
#545=LINE('',#5005,#1038);
#546=LINE('',#5007,#1039);
#547=LINE('',#5009,#1040);
#548=LINE('',#5011,#1041);
#549=LINE('',#5013,#1042);
#550=LINE('',#5015,#1043);
#551=LINE('',#5017,#1044);
#552=LINE('',#5019,#1045);
#553=LINE('',#5021,#1046);
#554=LINE('',#5023,#1047);
#555=LINE('',#5025,#1048);
#556=LINE('',#5027,#1049);
#557=LINE('',#5029,#1050);
#558=LINE('',#5031,#1051);
#559=LINE('',#5033,#1052);
#560=LINE('',#5035,#1053);
#561=LINE('',#5037,#1054);
#562=LINE('',#5039,#1055);
#563=LINE('',#5041,#1056);
#564=LINE('',#5043,#1057);
#565=LINE('',#5045,#1058);
#566=LINE('',#5047,#1059);
#567=LINE('',#5049,#1060);
#568=LINE('',#5051,#1061);
#569=LINE('',#5053,#1062);
#570=LINE('',#5055,#1063);
#571=LINE('',#5057,#1064);
#572=LINE('',#5059,#1065);
#573=LINE('',#5061,#1066);
#574=LINE('',#5063,#1067);
#575=LINE('',#5065,#1068);
#576=LINE('',#5067,#1069);
#577=LINE('',#5069,#1070);
#578=LINE('',#5071,#1071);
#579=LINE('',#5073,#1072);
#580=LINE('',#5075,#1073);
#581=LINE('',#5077,#1074);
#582=LINE('',#5079,#1075);
#583=LINE('',#5081,#1076);
#584=LINE('',#5083,#1077);
#585=LINE('',#5085,#1078);
#586=LINE('',#5087,#1079);
#587=LINE('',#5089,#1080);
#588=LINE('',#5091,#1081);
#589=LINE('',#5093,#1082);
#590=LINE('',#5095,#1083);
#591=LINE('',#5097,#1084);
#592=LINE('',#5099,#1085);
#593=LINE('',#5101,#1086);
#594=LINE('',#5103,#1087);
#595=LINE('',#5104,#1088);
#596=LINE('',#5106,#1089);
#597=LINE('',#5108,#1090);
#598=LINE('',#5109,#1091);
#599=LINE('',#5111,#1092);
#600=LINE('',#5113,#1093);
#601=LINE('',#5114,#1094);
#602=LINE('',#5117,#1095);
#603=LINE('',#5118,#1096);
#604=LINE('',#5121,#1097);
#605=LINE('',#5122,#1098);
#606=LINE('',#5124,#1099);
#607=LINE('',#5128,#1100);
#608=LINE('',#5129,#1101);
#609=LINE('',#5132,#1102);
#610=LINE('',#5133,#1103);
#611=LINE('',#5135,#1104);
#612=LINE('',#5139,#1105);
#613=LINE('',#5140,#1106);
#614=LINE('',#5143,#1107);
#615=LINE('',#5144,#1108);
#616=LINE('',#5146,#1109);
#617=LINE('',#5150,#1110);
#618=LINE('',#5152,#1111);
#619=LINE('',#5153,#1112);
#620=LINE('',#5156,#1113);
#621=LINE('',#5158,#1114);
#622=LINE('',#5159,#1115);
#623=LINE('',#5161,#1116);
#624=LINE('',#5163,#1117);
#625=LINE('',#5166,#1118);
#626=LINE('',#5168,#1119);
#627=LINE('',#5169,#1120);
#628=LINE('',#5172,#1121);
#629=LINE('',#5173,#1122);
#630=LINE('',#5176,#1123);
#631=LINE('',#5177,#1124);
#632=LINE('',#5179,#1125);
#633=LINE('',#5182,#1126);
#634=LINE('',#5184,#1127);
#635=LINE('',#5185,#1128);
#636=LINE('',#5188,#1129);
#637=LINE('',#5189,#1130);
#638=LINE('',#5192,#1131);
#639=LINE('',#5193,#1132);
#640=LINE('',#5195,#1133);
#641=LINE('',#5198,#1134);
#642=LINE('',#5200,#1135);
#643=LINE('',#5201,#1136);
#644=LINE('',#5204,#1137);
#645=LINE('',#5205,#1138);
#646=LINE('',#5208,#1139);
#647=LINE('',#5209,#1140);
#648=LINE('',#5211,#1141);
#649=LINE('',#5214,#1142);
#650=LINE('',#5216,#1143);
#651=LINE('',#5217,#1144);
#652=LINE('',#5220,#1145);
#653=LINE('',#5221,#1146);
#654=LINE('',#5224,#1147);
#655=LINE('',#5225,#1148);
#656=LINE('',#5227,#1149);
#657=LINE('',#5230,#1150);
#658=LINE('',#5232,#1151);
#659=LINE('',#5233,#1152);
#660=LINE('',#5236,#1153);
#661=LINE('',#5238,#1154);
#662=LINE('',#5239,#1155);
#663=LINE('',#5242,#1156);
#664=LINE('',#5243,#1157);
#665=LINE('',#5246,#1158);
#666=LINE('',#5247,#1159);
#667=LINE('',#5249,#1160);
#668=LINE('',#5252,#1161);
#669=LINE('',#5254,#1162);
#670=LINE('',#5255,#1163);
#671=LINE('',#5258,#1164);
#672=LINE('',#5259,#1165);
#673=LINE('',#5262,#1166);
#674=LINE('',#5263,#1167);
#675=LINE('',#5265,#1168);
#676=LINE('',#5268,#1169);
#677=LINE('',#5270,#1170);
#678=LINE('',#5271,#1171);
#679=LINE('',#5274,#1172);
#680=LINE('',#5275,#1173);
#681=LINE('',#5278,#1174);
#682=LINE('',#5279,#1175);
#683=LINE('',#5281,#1176);
#684=LINE('',#5284,#1177);
#685=LINE('',#5286,#1178);
#686=LINE('',#5287,#1179);
#687=LINE('',#5290,#1180);
#688=LINE('',#5291,#1181);
#689=LINE('',#5294,#1182);
#690=LINE('',#5295,#1183);
#691=LINE('',#5297,#1184);
#692=LINE('',#5300,#1185);
#693=LINE('',#5302,#1186);
#694=LINE('',#5303,#1187);
#695=LINE('',#5306,#1188);
#696=LINE('',#5307,#1189);
#697=LINE('',#5310,#1190);
#698=LINE('',#5311,#1191);
#699=LINE('',#5313,#1192);
#700=LINE('',#5316,#1193);
#701=LINE('',#5318,#1194);
#702=LINE('',#5319,#1195);
#703=LINE('',#5322,#1196);
#704=LINE('',#5323,#1197);
#705=LINE('',#5326,#1198);
#706=LINE('',#5327,#1199);
#707=LINE('',#5329,#1200);
#708=LINE('',#5332,#1201);
#709=LINE('',#5334,#1202);
#710=LINE('',#5335,#1203);
#711=LINE('',#5338,#1204);
#712=LINE('',#5339,#1205);
#713=LINE('',#5342,#1206);
#714=LINE('',#5343,#1207);
#715=LINE('',#5345,#1208);
#716=LINE('',#5348,#1209);
#717=LINE('',#5350,#1210);
#718=LINE('',#5351,#1211);
#719=LINE('',#5354,#1212);
#720=LINE('',#5355,#1213);
#721=LINE('',#5358,#1214);
#722=LINE('',#5359,#1215);
#723=LINE('',#5361,#1216);
#724=LINE('',#5364,#1217);
#725=LINE('',#5366,#1218);
#726=LINE('',#5367,#1219);
#727=LINE('',#5370,#1220);
#728=LINE('',#5371,#1221);
#729=LINE('',#5374,#1222);
#730=LINE('',#5375,#1223);
#731=LINE('',#5377,#1224);
#732=LINE('',#5380,#1225);
#733=LINE('',#5382,#1226);
#734=LINE('',#5383,#1227);
#735=LINE('',#5386,#1228);
#736=LINE('',#5387,#1229);
#737=LINE('',#5390,#1230);
#738=LINE('',#5391,#1231);
#739=LINE('',#5393,#1232);
#740=LINE('',#5395,#1233);
#741=LINE('',#5400,#1234);
#742=LINE('',#5404,#1235);
#743=LINE('',#5410,#1236);
#744=LINE('',#5412,#1237);
#745=LINE('',#5414,#1238);
#746=LINE('',#5415,#1239);
#747=LINE('',#5418,#1240);
#748=LINE('',#5420,#1241);
#749=LINE('',#5421,#1242);
#750=LINE('',#5424,#1243);
#751=LINE('',#5426,#1244);
#752=LINE('',#5427,#1245);
#753=LINE('',#5429,#1246);
#754=LINE('',#5430,#1247);
#755=LINE('',#5436,#1248);
#756=LINE('',#5438,#1249);
#757=LINE('',#5440,#1250);
#758=LINE('',#5441,#1251);
#759=LINE('',#5444,#1252);
#760=LINE('',#5446,#1253);
#761=LINE('',#5447,#1254);
#762=LINE('',#5450,#1255);
#763=LINE('',#5452,#1256);
#764=LINE('',#5453,#1257);
#765=LINE('',#5455,#1258);
#766=LINE('',#5456,#1259);
#767=LINE('',#5462,#1260);
#768=LINE('',#5464,#1261);
#769=LINE('',#5466,#1262);
#770=LINE('',#5467,#1263);
#771=LINE('',#5470,#1264);
#772=LINE('',#5472,#1265);
#773=LINE('',#5473,#1266);
#774=LINE('',#5476,#1267);
#775=LINE('',#5478,#1268);
#776=LINE('',#5479,#1269);
#777=LINE('',#5481,#1270);
#778=LINE('',#5482,#1271);
#779=LINE('',#5488,#1272);
#780=LINE('',#5490,#1273);
#781=LINE('',#5492,#1274);
#782=LINE('',#5493,#1275);
#783=LINE('',#5496,#1276);
#784=LINE('',#5498,#1277);
#785=LINE('',#5499,#1278);
#786=LINE('',#5502,#1279);
#787=LINE('',#5504,#1280);
#788=LINE('',#5505,#1281);
#789=LINE('',#5507,#1282);
#790=LINE('',#5508,#1283);
#791=LINE('',#5514,#1284);
#792=LINE('',#5516,#1285);
#793=LINE('',#5518,#1286);
#794=LINE('',#5519,#1287);
#795=LINE('',#5522,#1288);
#796=LINE('',#5524,#1289);
#797=LINE('',#5525,#1290);
#798=LINE('',#5528,#1291);
#799=LINE('',#5530,#1292);
#800=LINE('',#5531,#1293);
#801=LINE('',#5533,#1294);
#802=LINE('',#5534,#1295);
#803=LINE('',#5540,#1296);
#804=LINE('',#5542,#1297);
#805=LINE('',#5544,#1298);
#806=LINE('',#5545,#1299);
#807=LINE('',#5548,#1300);
#808=LINE('',#5550,#1301);
#809=LINE('',#5551,#1302);
#810=LINE('',#5554,#1303);
#811=LINE('',#5556,#1304);
#812=LINE('',#5557,#1305);
#813=LINE('',#5559,#1306);
#814=LINE('',#5560,#1307);
#815=LINE('',#5566,#1308);
#816=LINE('',#5568,#1309);
#817=LINE('',#5570,#1310);
#818=LINE('',#5571,#1311);
#819=LINE('',#5574,#1312);
#820=LINE('',#5576,#1313);
#821=LINE('',#5577,#1314);
#822=LINE('',#5580,#1315);
#823=LINE('',#5582,#1316);
#824=LINE('',#5583,#1317);
#825=LINE('',#5585,#1318);
#826=LINE('',#5586,#1319);
#827=LINE('',#5592,#1320);
#828=LINE('',#5594,#1321);
#829=LINE('',#5596,#1322);
#830=LINE('',#5597,#1323);
#831=LINE('',#5600,#1324);
#832=LINE('',#5602,#1325);
#833=LINE('',#5603,#1326);
#834=LINE('',#5606,#1327);
#835=LINE('',#5608,#1328);
#836=LINE('',#5609,#1329);
#837=LINE('',#5611,#1330);
#838=LINE('',#5612,#1331);
#839=LINE('',#5618,#1332);
#840=LINE('',#5620,#1333);
#841=LINE('',#5622,#1334);
#842=LINE('',#5623,#1335);
#843=LINE('',#5626,#1336);
#844=LINE('',#5628,#1337);
#845=LINE('',#5629,#1338);
#846=LINE('',#5632,#1339);
#847=LINE('',#5634,#1340);
#848=LINE('',#5635,#1341);
#849=LINE('',#5637,#1342);
#850=LINE('',#5638,#1343);
#851=LINE('',#5644,#1344);
#852=LINE('',#5646,#1345);
#853=LINE('',#5648,#1346);
#854=LINE('',#5649,#1347);
#855=LINE('',#5652,#1348);
#856=LINE('',#5654,#1349);
#857=LINE('',#5655,#1350);
#858=LINE('',#5658,#1351);
#859=LINE('',#5660,#1352);
#860=LINE('',#5661,#1353);
#861=LINE('',#5663,#1354);
#862=LINE('',#5664,#1355);
#863=LINE('',#5670,#1356);
#864=LINE('',#5672,#1357);
#865=LINE('',#5674,#1358);
#866=LINE('',#5675,#1359);
#867=LINE('',#5678,#1360);
#868=LINE('',#5680,#1361);
#869=LINE('',#5681,#1362);
#870=LINE('',#5684,#1363);
#871=LINE('',#5686,#1364);
#872=LINE('',#5687,#1365);
#873=LINE('',#5689,#1366);
#874=LINE('',#5690,#1367);
#875=LINE('',#5696,#1368);
#876=LINE('',#5698,#1369);
#877=LINE('',#5700,#1370);
#878=LINE('',#5701,#1371);
#879=LINE('',#5704,#1372);
#880=LINE('',#5706,#1373);
#881=LINE('',#5707,#1374);
#882=LINE('',#5710,#1375);
#883=LINE('',#5712,#1376);
#884=LINE('',#5713,#1377);
#885=LINE('',#5715,#1378);
#886=LINE('',#5716,#1379);
#887=LINE('',#5722,#1380);
#888=LINE('',#5724,#1381);
#889=LINE('',#5726,#1382);
#890=LINE('',#5727,#1383);
#891=LINE('',#5730,#1384);
#892=LINE('',#5732,#1385);
#893=LINE('',#5733,#1386);
#894=LINE('',#5736,#1387);
#895=LINE('',#5738,#1388);
#896=LINE('',#5739,#1389);
#897=LINE('',#5741,#1390);
#898=LINE('',#5742,#1391);
#899=LINE('',#5748,#1392);
#900=LINE('',#5750,#1393);
#901=LINE('',#5752,#1394);
#902=LINE('',#5753,#1395);
#903=LINE('',#5756,#1396);
#904=LINE('',#5758,#1397);
#905=LINE('',#5759,#1398);
#906=LINE('',#5762,#1399);
#907=LINE('',#5764,#1400);
#908=LINE('',#5765,#1401);
#909=LINE('',#5767,#1402);
#910=LINE('',#5768,#1403);
#911=LINE('',#5774,#1404);
#912=LINE('',#5776,#1405);
#913=LINE('',#5778,#1406);
#914=LINE('',#5779,#1407);
#915=LINE('',#5782,#1408);
#916=LINE('',#5784,#1409);
#917=LINE('',#5785,#1410);
#918=LINE('',#5788,#1411);
#919=LINE('',#5790,#1412);
#920=LINE('',#5791,#1413);
#921=LINE('',#5793,#1414);
#922=LINE('',#5794,#1415);
#923=LINE('',#5800,#1416);
#924=LINE('',#5802,#1417);
#925=LINE('',#5804,#1418);
#926=LINE('',#5805,#1419);
#927=LINE('',#5808,#1420);
#928=LINE('',#5810,#1421);
#929=LINE('',#5811,#1422);
#930=LINE('',#5814,#1423);
#931=LINE('',#5816,#1424);
#932=LINE('',#5817,#1425);
#933=LINE('',#5819,#1426);
#934=LINE('',#5820,#1427);
#935=LINE('',#5826,#1428);
#936=LINE('',#5828,#1429);
#937=LINE('',#5830,#1430);
#938=LINE('',#5831,#1431);
#939=LINE('',#5834,#1432);
#940=LINE('',#5836,#1433);
#941=LINE('',#5837,#1434);
#942=LINE('',#5840,#1435);
#943=LINE('',#5842,#1436);
#944=LINE('',#5843,#1437);
#945=LINE('',#5845,#1438);
#946=LINE('',#5846,#1439);
#947=LINE('',#5852,#1440);
#948=LINE('',#5854,#1441);
#949=LINE('',#5856,#1442);
#950=LINE('',#5857,#1443);
#951=LINE('',#5860,#1444);
#952=LINE('',#5862,#1445);
#953=LINE('',#5863,#1446);
#954=LINE('',#5866,#1447);
#955=LINE('',#5868,#1448);
#956=LINE('',#5869,#1449);
#957=LINE('',#5871,#1450);
#958=LINE('',#5872,#1451);
#959=LINE('',#5878,#1452);
#960=LINE('',#5880,#1453);
#961=LINE('',#5882,#1454);
#962=LINE('',#5883,#1455);
#963=LINE('',#5886,#1456);
#964=LINE('',#5888,#1457);
#965=LINE('',#5889,#1458);
#966=LINE('',#5892,#1459);
#967=LINE('',#5894,#1460);
#968=LINE('',#5895,#1461);
#969=LINE('',#5897,#1462);
#970=LINE('',#5898,#1463);
#971=LINE('',#5904,#1464);
#972=LINE('',#5906,#1465);
#973=LINE('',#5908,#1466);
#974=LINE('',#5909,#1467);
#975=LINE('',#5912,#1468);
#976=LINE('',#5914,#1469);
#977=LINE('',#5915,#1470);
#978=LINE('',#5918,#1471);
#979=LINE('',#5920,#1472);
#980=LINE('',#5921,#1473);
#981=LINE('',#5923,#1474);
#982=LINE('',#5924,#1475);
#983=VECTOR('',#3972,10.);
#984=VECTOR('',#3973,10.);
#985=VECTOR('',#3974,10.);
#986=VECTOR('',#3975,10.);
#987=VECTOR('',#3978,10.);
#988=VECTOR('',#3979,10.);
#989=VECTOR('',#3980,10.);
#990=VECTOR('',#3983,10.);
#991=VECTOR('',#3984,10.);
#992=VECTOR('',#3985,10.);
#993=VECTOR('',#3988,10.);
#994=VECTOR('',#3991,10.);
#995=VECTOR('',#3992,10.);
#996=VECTOR('',#3993,10.);
#997=VECTOR('',#3994,10.);
#998=VECTOR('',#3995,10.);
#999=VECTOR('',#3996,10.);
#1000=VECTOR('',#3997,10.);
#1001=VECTOR('',#3998,10.);
#1002=VECTOR('',#3999,10.);
#1003=VECTOR('',#4000,10.);
#1004=VECTOR('',#4001,10.);
#1005=VECTOR('',#4002,10.);
#1006=VECTOR('',#4003,10.);
#1007=VECTOR('',#4004,10.);
#1008=VECTOR('',#4005,10.);
#1009=VECTOR('',#4006,10.);
#1010=VECTOR('',#4007,10.);
#1011=VECTOR('',#4008,10.);
#1012=VECTOR('',#4009,10.);
#1013=VECTOR('',#4010,10.);
#1014=VECTOR('',#4011,10.);
#1015=VECTOR('',#4014,10.);
#1016=VECTOR('',#4015,10.);
#1017=VECTOR('',#4016,10.);
#1018=VECTOR('',#4019,10.);
#1019=VECTOR('',#4020,10.);
#1020=VECTOR('',#4021,10.);
#1021=VECTOR('',#4024,10.);
#1022=VECTOR('',#4025,10.);
#1023=VECTOR('',#4030,10.);
#1024=VECTOR('',#4031,10.);
#1025=VECTOR('',#4032,10.);
#1026=VECTOR('',#4033,10.);
#1027=VECTOR('',#4034,10.);
#1028=VECTOR('',#4035,10.);
#1029=VECTOR('',#4036,10.);
#1030=VECTOR('',#4037,10.);
#1031=VECTOR('',#4038,10.);
#1032=VECTOR('',#4039,10.);
#1033=VECTOR('',#4040,10.);
#1034=VECTOR('',#4041,10.);
#1035=VECTOR('',#4042,10.);
#1036=VECTOR('',#4043,10.);
#1037=VECTOR('',#4044,10.);
#1038=VECTOR('',#4045,10.);
#1039=VECTOR('',#4046,10.);
#1040=VECTOR('',#4047,10.);
#1041=VECTOR('',#4048,10.);
#1042=VECTOR('',#4049,10.);
#1043=VECTOR('',#4050,10.);
#1044=VECTOR('',#4051,10.);
#1045=VECTOR('',#4052,10.);
#1046=VECTOR('',#4053,10.);
#1047=VECTOR('',#4054,10.);
#1048=VECTOR('',#4055,10.);
#1049=VECTOR('',#4056,10.);
#1050=VECTOR('',#4057,10.);
#1051=VECTOR('',#4058,10.);
#1052=VECTOR('',#4059,10.);
#1053=VECTOR('',#4060,10.);
#1054=VECTOR('',#4061,10.);
#1055=VECTOR('',#4062,10.);
#1056=VECTOR('',#4063,10.);
#1057=VECTOR('',#4064,10.);
#1058=VECTOR('',#4065,10.);
#1059=VECTOR('',#4066,10.);
#1060=VECTOR('',#4067,10.);
#1061=VECTOR('',#4068,10.);
#1062=VECTOR('',#4069,10.);
#1063=VECTOR('',#4070,10.);
#1064=VECTOR('',#4071,10.);
#1065=VECTOR('',#4072,10.);
#1066=VECTOR('',#4073,10.);
#1067=VECTOR('',#4074,10.);
#1068=VECTOR('',#4075,10.);
#1069=VECTOR('',#4076,10.);
#1070=VECTOR('',#4077,10.);
#1071=VECTOR('',#4078,10.);
#1072=VECTOR('',#4079,10.);
#1073=VECTOR('',#4080,10.);
#1074=VECTOR('',#4081,10.);
#1075=VECTOR('',#4082,10.);
#1076=VECTOR('',#4083,10.);
#1077=VECTOR('',#4084,10.);
#1078=VECTOR('',#4085,10.);
#1079=VECTOR('',#4086,10.);
#1080=VECTOR('',#4087,10.);
#1081=VECTOR('',#4088,10.);
#1082=VECTOR('',#4089,10.);
#1083=VECTOR('',#4090,10.);
#1084=VECTOR('',#4091,10.);
#1085=VECTOR('',#4092,10.);
#1086=VECTOR('',#4093,10.);
#1087=VECTOR('',#4094,10.);
#1088=VECTOR('',#4095,10.);
#1089=VECTOR('',#4096,10.);
#1090=VECTOR('',#4097,10.);
#1091=VECTOR('',#4098,10.);
#1092=VECTOR('',#4099,10.);
#1093=VECTOR('',#4100,10.);
#1094=VECTOR('',#4101,10.);
#1095=VECTOR('',#4104,10.);
#1096=VECTOR('',#4105,10.);
#1097=VECTOR('',#4108,10.);
#1098=VECTOR('',#4109,10.);
#1099=VECTOR('',#4112,10.);
#1100=VECTOR('',#4117,10.);
#1101=VECTOR('',#4118,10.);
#1102=VECTOR('',#4121,10.);
#1103=VECTOR('',#4122,10.);
#1104=VECTOR('',#4125,10.);
#1105=VECTOR('',#4130,10.);
#1106=VECTOR('',#4131,10.);
#1107=VECTOR('',#4134,10.);
#1108=VECTOR('',#4135,10.);
#1109=VECTOR('',#4138,10.);
#1110=VECTOR('',#4143,10.);
#1111=VECTOR('',#4144,10.);
#1112=VECTOR('',#4145,10.);
#1113=VECTOR('',#4148,10.);
#1114=VECTOR('',#4149,10.);
#1115=VECTOR('',#4150,10.);
#1116=VECTOR('',#4153,10.);
#1117=VECTOR('',#4156,10.);
#1118=VECTOR('',#4159,10.);
#1119=VECTOR('',#4160,10.);
#1120=VECTOR('',#4161,10.);
#1121=VECTOR('',#4164,10.);
#1122=VECTOR('',#4165,10.);
#1123=VECTOR('',#4168,10.);
#1124=VECTOR('',#4169,10.);
#1125=VECTOR('',#4172,10.);
#1126=VECTOR('',#4175,10.);
#1127=VECTOR('',#4176,10.);
#1128=VECTOR('',#4177,10.);
#1129=VECTOR('',#4180,10.);
#1130=VECTOR('',#4181,10.);
#1131=VECTOR('',#4184,10.);
#1132=VECTOR('',#4185,10.);
#1133=VECTOR('',#4188,10.);
#1134=VECTOR('',#4191,10.);
#1135=VECTOR('',#4192,10.);
#1136=VECTOR('',#4193,10.);
#1137=VECTOR('',#4196,10.);
#1138=VECTOR('',#4197,10.);
#1139=VECTOR('',#4200,10.);
#1140=VECTOR('',#4201,10.);
#1141=VECTOR('',#4204,10.);
#1142=VECTOR('',#4207,10.);
#1143=VECTOR('',#4208,10.);
#1144=VECTOR('',#4209,10.);
#1145=VECTOR('',#4212,10.);
#1146=VECTOR('',#4213,10.);
#1147=VECTOR('',#4216,10.);
#1148=VECTOR('',#4217,10.);
#1149=VECTOR('',#4220,10.);
#1150=VECTOR('',#4223,10.);
#1151=VECTOR('',#4224,10.);
#1152=VECTOR('',#4225,10.);
#1153=VECTOR('',#4228,10.);
#1154=VECTOR('',#4229,10.);
#1155=VECTOR('',#4230,10.);
#1156=VECTOR('',#4233,10.);
#1157=VECTOR('',#4234,10.);
#1158=VECTOR('',#4237,10.);
#1159=VECTOR('',#4238,10.);
#1160=VECTOR('',#4241,10.);
#1161=VECTOR('',#4244,10.);
#1162=VECTOR('',#4245,10.);
#1163=VECTOR('',#4246,10.);
#1164=VECTOR('',#4249,10.);
#1165=VECTOR('',#4250,10.);
#1166=VECTOR('',#4253,10.);
#1167=VECTOR('',#4254,10.);
#1168=VECTOR('',#4257,10.);
#1169=VECTOR('',#4260,10.);
#1170=VECTOR('',#4261,10.);
#1171=VECTOR('',#4262,10.);
#1172=VECTOR('',#4265,10.);
#1173=VECTOR('',#4266,10.);
#1174=VECTOR('',#4269,10.);
#1175=VECTOR('',#4270,10.);
#1176=VECTOR('',#4273,10.);
#1177=VECTOR('',#4276,10.);
#1178=VECTOR('',#4277,10.);
#1179=VECTOR('',#4278,10.);
#1180=VECTOR('',#4281,10.);
#1181=VECTOR('',#4282,10.);
#1182=VECTOR('',#4285,10.);
#1183=VECTOR('',#4286,10.);
#1184=VECTOR('',#4289,10.);
#1185=VECTOR('',#4292,10.);
#1186=VECTOR('',#4293,10.);
#1187=VECTOR('',#4294,10.);
#1188=VECTOR('',#4297,10.);
#1189=VECTOR('',#4298,10.);
#1190=VECTOR('',#4301,10.);
#1191=VECTOR('',#4302,10.);
#1192=VECTOR('',#4305,10.);
#1193=VECTOR('',#4308,10.);
#1194=VECTOR('',#4309,10.);
#1195=VECTOR('',#4310,10.);
#1196=VECTOR('',#4313,10.);
#1197=VECTOR('',#4314,10.);
#1198=VECTOR('',#4317,10.);
#1199=VECTOR('',#4318,10.);
#1200=VECTOR('',#4321,10.);
#1201=VECTOR('',#4324,10.);
#1202=VECTOR('',#4325,10.);
#1203=VECTOR('',#4326,10.);
#1204=VECTOR('',#4329,10.);
#1205=VECTOR('',#4330,10.);
#1206=VECTOR('',#4333,10.);
#1207=VECTOR('',#4334,10.);
#1208=VECTOR('',#4337,10.);
#1209=VECTOR('',#4340,10.);
#1210=VECTOR('',#4341,10.);
#1211=VECTOR('',#4342,10.);
#1212=VECTOR('',#4345,10.);
#1213=VECTOR('',#4346,10.);
#1214=VECTOR('',#4349,10.);
#1215=VECTOR('',#4350,10.);
#1216=VECTOR('',#4353,10.);
#1217=VECTOR('',#4356,10.);
#1218=VECTOR('',#4357,10.);
#1219=VECTOR('',#4358,10.);
#1220=VECTOR('',#4361,10.);
#1221=VECTOR('',#4362,10.);
#1222=VECTOR('',#4365,10.);
#1223=VECTOR('',#4366,10.);
#1224=VECTOR('',#4369,10.);
#1225=VECTOR('',#4372,10.);
#1226=VECTOR('',#4373,10.);
#1227=VECTOR('',#4374,10.);
#1228=VECTOR('',#4377,10.);
#1229=VECTOR('',#4378,10.);
#1230=VECTOR('',#4381,10.);
#1231=VECTOR('',#4382,10.);
#1232=VECTOR('',#4385,10.);
#1233=VECTOR('',#4388,10.);
#1234=VECTOR('',#4393,0.125);
#1235=VECTOR('',#4400,10.);
#1236=VECTOR('',#4407,10.);
#1237=VECTOR('',#4408,10.);
#1238=VECTOR('',#4409,10.);
#1239=VECTOR('',#4410,10.);
#1240=VECTOR('',#4413,10.);
#1241=VECTOR('',#4414,10.);
#1242=VECTOR('',#4415,10.);
#1243=VECTOR('',#4418,10.);
#1244=VECTOR('',#4419,10.);
#1245=VECTOR('',#4420,10.);
#1246=VECTOR('',#4423,10.);
#1247=VECTOR('',#4424,10.);
#1248=VECTOR('',#4431,10.);
#1249=VECTOR('',#4432,10.);
#1250=VECTOR('',#4433,10.);
#1251=VECTOR('',#4434,10.);
#1252=VECTOR('',#4437,10.);
#1253=VECTOR('',#4438,10.);
#1254=VECTOR('',#4439,10.);
#1255=VECTOR('',#4442,10.);
#1256=VECTOR('',#4443,10.);
#1257=VECTOR('',#4444,10.);
#1258=VECTOR('',#4447,10.);
#1259=VECTOR('',#4448,10.);
#1260=VECTOR('',#4455,10.);
#1261=VECTOR('',#4456,10.);
#1262=VECTOR('',#4457,10.);
#1263=VECTOR('',#4458,10.);
#1264=VECTOR('',#4461,10.);
#1265=VECTOR('',#4462,10.);
#1266=VECTOR('',#4463,10.);
#1267=VECTOR('',#4466,10.);
#1268=VECTOR('',#4467,10.);
#1269=VECTOR('',#4468,10.);
#1270=VECTOR('',#4471,10.);
#1271=VECTOR('',#4472,10.);
#1272=VECTOR('',#4479,10.);
#1273=VECTOR('',#4480,10.);
#1274=VECTOR('',#4481,10.);
#1275=VECTOR('',#4482,10.);
#1276=VECTOR('',#4485,10.);
#1277=VECTOR('',#4486,10.);
#1278=VECTOR('',#4487,10.);
#1279=VECTOR('',#4490,10.);
#1280=VECTOR('',#4491,10.);
#1281=VECTOR('',#4492,10.);
#1282=VECTOR('',#4495,10.);
#1283=VECTOR('',#4496,10.);
#1284=VECTOR('',#4503,10.);
#1285=VECTOR('',#4504,10.);
#1286=VECTOR('',#4505,10.);
#1287=VECTOR('',#4506,10.);
#1288=VECTOR('',#4509,10.);
#1289=VECTOR('',#4510,10.);
#1290=VECTOR('',#4511,10.);
#1291=VECTOR('',#4514,10.);
#1292=VECTOR('',#4515,10.);
#1293=VECTOR('',#4516,10.);
#1294=VECTOR('',#4519,10.);
#1295=VECTOR('',#4520,10.);
#1296=VECTOR('',#4527,10.);
#1297=VECTOR('',#4528,10.);
#1298=VECTOR('',#4529,10.);
#1299=VECTOR('',#4530,10.);
#1300=VECTOR('',#4533,10.);
#1301=VECTOR('',#4534,10.);
#1302=VECTOR('',#4535,10.);
#1303=VECTOR('',#4538,10.);
#1304=VECTOR('',#4539,10.);
#1305=VECTOR('',#4540,10.);
#1306=VECTOR('',#4543,10.);
#1307=VECTOR('',#4544,10.);
#1308=VECTOR('',#4551,10.);
#1309=VECTOR('',#4552,10.);
#1310=VECTOR('',#4553,10.);
#1311=VECTOR('',#4554,10.);
#1312=VECTOR('',#4557,10.);
#1313=VECTOR('',#4558,10.);
#1314=VECTOR('',#4559,10.);
#1315=VECTOR('',#4562,10.);
#1316=VECTOR('',#4563,10.);
#1317=VECTOR('',#4564,10.);
#1318=VECTOR('',#4567,10.);
#1319=VECTOR('',#4568,10.);
#1320=VECTOR('',#4575,10.);
#1321=VECTOR('',#4576,10.);
#1322=VECTOR('',#4577,10.);
#1323=VECTOR('',#4578,10.);
#1324=VECTOR('',#4581,10.);
#1325=VECTOR('',#4582,10.);
#1326=VECTOR('',#4583,10.);
#1327=VECTOR('',#4586,10.);
#1328=VECTOR('',#4587,10.);
#1329=VECTOR('',#4588,10.);
#1330=VECTOR('',#4591,10.);
#1331=VECTOR('',#4592,10.);
#1332=VECTOR('',#4599,10.);
#1333=VECTOR('',#4600,10.);
#1334=VECTOR('',#4601,10.);
#1335=VECTOR('',#4602,10.);
#1336=VECTOR('',#4605,10.);
#1337=VECTOR('',#4606,10.);
#1338=VECTOR('',#4607,10.);
#1339=VECTOR('',#4610,10.);
#1340=VECTOR('',#4611,10.);
#1341=VECTOR('',#4612,10.);
#1342=VECTOR('',#4615,10.);
#1343=VECTOR('',#4616,10.);
#1344=VECTOR('',#4623,10.);
#1345=VECTOR('',#4624,10.);
#1346=VECTOR('',#4625,10.);
#1347=VECTOR('',#4626,10.);
#1348=VECTOR('',#4629,10.);
#1349=VECTOR('',#4630,10.);
#1350=VECTOR('',#4631,10.);
#1351=VECTOR('',#4634,10.);
#1352=VECTOR('',#4635,10.);
#1353=VECTOR('',#4636,10.);
#1354=VECTOR('',#4639,10.);
#1355=VECTOR('',#4640,10.);
#1356=VECTOR('',#4647,10.);
#1357=VECTOR('',#4648,10.);
#1358=VECTOR('',#4649,10.);
#1359=VECTOR('',#4650,10.);
#1360=VECTOR('',#4653,10.);
#1361=VECTOR('',#4654,10.);
#1362=VECTOR('',#4655,10.);
#1363=VECTOR('',#4658,10.);
#1364=VECTOR('',#4659,10.);
#1365=VECTOR('',#4660,10.);
#1366=VECTOR('',#4663,10.);
#1367=VECTOR('',#4664,10.);
#1368=VECTOR('',#4671,10.);
#1369=VECTOR('',#4672,10.);
#1370=VECTOR('',#4673,10.);
#1371=VECTOR('',#4674,10.);
#1372=VECTOR('',#4677,10.);
#1373=VECTOR('',#4678,10.);
#1374=VECTOR('',#4679,10.);
#1375=VECTOR('',#4682,10.);
#1376=VECTOR('',#4683,10.);
#1377=VECTOR('',#4684,10.);
#1378=VECTOR('',#4687,10.);
#1379=VECTOR('',#4688,10.);
#1380=VECTOR('',#4695,10.);
#1381=VECTOR('',#4696,10.);
#1382=VECTOR('',#4697,10.);
#1383=VECTOR('',#4698,10.);
#1384=VECTOR('',#4701,10.);
#1385=VECTOR('',#4702,10.);
#1386=VECTOR('',#4703,10.);
#1387=VECTOR('',#4706,10.);
#1388=VECTOR('',#4707,10.);
#1389=VECTOR('',#4708,10.);
#1390=VECTOR('',#4711,10.);
#1391=VECTOR('',#4712,10.);
#1392=VECTOR('',#4719,10.);
#1393=VECTOR('',#4720,10.);
#1394=VECTOR('',#4721,10.);
#1395=VECTOR('',#4722,10.);
#1396=VECTOR('',#4725,10.);
#1397=VECTOR('',#4726,10.);
#1398=VECTOR('',#4727,10.);
#1399=VECTOR('',#4730,10.);
#1400=VECTOR('',#4731,10.);
#1401=VECTOR('',#4732,10.);
#1402=VECTOR('',#4735,10.);
#1403=VECTOR('',#4736,10.);
#1404=VECTOR('',#4743,10.);
#1405=VECTOR('',#4744,10.);
#1406=VECTOR('',#4745,10.);
#1407=VECTOR('',#4746,10.);
#1408=VECTOR('',#4749,10.);
#1409=VECTOR('',#4750,10.);
#1410=VECTOR('',#4751,10.);
#1411=VECTOR('',#4754,10.);
#1412=VECTOR('',#4755,10.);
#1413=VECTOR('',#4756,10.);
#1414=VECTOR('',#4759,10.);
#1415=VECTOR('',#4760,10.);
#1416=VECTOR('',#4767,10.);
#1417=VECTOR('',#4768,10.);
#1418=VECTOR('',#4769,10.);
#1419=VECTOR('',#4770,10.);
#1420=VECTOR('',#4773,10.);
#1421=VECTOR('',#4774,10.);
#1422=VECTOR('',#4775,10.);
#1423=VECTOR('',#4778,10.);
#1424=VECTOR('',#4779,10.);
#1425=VECTOR('',#4780,10.);
#1426=VECTOR('',#4783,10.);
#1427=VECTOR('',#4784,10.);
#1428=VECTOR('',#4791,10.);
#1429=VECTOR('',#4792,10.);
#1430=VECTOR('',#4793,10.);
#1431=VECTOR('',#4794,10.);
#1432=VECTOR('',#4797,10.);
#1433=VECTOR('',#4798,10.);
#1434=VECTOR('',#4799,10.);
#1435=VECTOR('',#4802,10.);
#1436=VECTOR('',#4803,10.);
#1437=VECTOR('',#4804,10.);
#1438=VECTOR('',#4807,10.);
#1439=VECTOR('',#4808,10.);
#1440=VECTOR('',#4815,10.);
#1441=VECTOR('',#4816,10.);
#1442=VECTOR('',#4817,10.);
#1443=VECTOR('',#4818,10.);
#1444=VECTOR('',#4821,10.);
#1445=VECTOR('',#4822,10.);
#1446=VECTOR('',#4823,10.);
#1447=VECTOR('',#4826,10.);
#1448=VECTOR('',#4827,10.);
#1449=VECTOR('',#4828,10.);
#1450=VECTOR('',#4831,10.);
#1451=VECTOR('',#4832,10.);
#1452=VECTOR('',#4839,10.);
#1453=VECTOR('',#4840,10.);
#1454=VECTOR('',#4841,10.);
#1455=VECTOR('',#4842,10.);
#1456=VECTOR('',#4845,10.);
#1457=VECTOR('',#4846,10.);
#1458=VECTOR('',#4847,10.);
#1459=VECTOR('',#4850,10.);
#1460=VECTOR('',#4851,10.);
#1461=VECTOR('',#4852,10.);
#1462=VECTOR('',#4855,10.);
#1463=VECTOR('',#4856,10.);
#1464=VECTOR('',#4863,10.);
#1465=VECTOR('',#4864,10.);
#1466=VECTOR('',#4865,10.);
#1467=VECTOR('',#4866,10.);
#1468=VECTOR('',#4869,10.);
#1469=VECTOR('',#4870,10.);
#1470=VECTOR('',#4871,10.);
#1471=VECTOR('',#4874,10.);
#1472=VECTOR('',#4875,10.);
#1473=VECTOR('',#4876,10.);
#1474=VECTOR('',#4879,10.);
#1475=VECTOR('',#4880,10.);
#1476=VERTEX_POINT('',#4894);
#1477=VERTEX_POINT('',#4895);
#1478=VERTEX_POINT('',#4897);
#1479=VERTEX_POINT('',#4899);
#1480=VERTEX_POINT('',#4903);
#1481=VERTEX_POINT('',#4905);
#1482=VERTEX_POINT('',#4909);
#1483=VERTEX_POINT('',#4911);
#1484=VERTEX_POINT('',#4917);
#1485=VERTEX_POINT('',#4919);
#1486=VERTEX_POINT('',#4921);
#1487=VERTEX_POINT('',#4923);
#1488=VERTEX_POINT('',#4925);
#1489=VERTEX_POINT('',#4927);
#1490=VERTEX_POINT('',#4929);
#1491=VERTEX_POINT('',#4931);
#1492=VERTEX_POINT('',#4933);
#1493=VERTEX_POINT('',#4935);
#1494=VERTEX_POINT('',#4937);
#1495=VERTEX_POINT('',#4939);
#1496=VERTEX_POINT('',#4941);
#1497=VERTEX_POINT('',#4943);
#1498=VERTEX_POINT('',#4945);
#1499=VERTEX_POINT('',#4947);
#1500=VERTEX_POINT('',#4949);
#1501=VERTEX_POINT('',#4951);
#1502=VERTEX_POINT('',#4953);
#1503=VERTEX_POINT('',#4955);
#1504=VERTEX_POINT('',#4959);
#1505=VERTEX_POINT('',#4961);
#1506=VERTEX_POINT('',#4965);
#1507=VERTEX_POINT('',#4967);
#1508=VERTEX_POINT('',#4975);
#1509=VERTEX_POINT('',#4977);
#1510=VERTEX_POINT('',#4980);
#1511=VERTEX_POINT('',#4982);
#1512=VERTEX_POINT('',#4984);
#1513=VERTEX_POINT('',#4986);
#1514=VERTEX_POINT('',#4988);
#1515=VERTEX_POINT('',#4990);
#1516=VERTEX_POINT('',#4992);
#1517=VERTEX_POINT('',#4994);
#1518=VERTEX_POINT('',#4996);
#1519=VERTEX_POINT('',#4998);
#1520=VERTEX_POINT('',#5000);
#1521=VERTEX_POINT('',#5002);
#1522=VERTEX_POINT('',#5004);
#1523=VERTEX_POINT('',#5006);
#1524=VERTEX_POINT('',#5008);
#1525=VERTEX_POINT('',#5010);
#1526=VERTEX_POINT('',#5012);
#1527=VERTEX_POINT('',#5014);
#1528=VERTEX_POINT('',#5016);
#1529=VERTEX_POINT('',#5018);
#1530=VERTEX_POINT('',#5020);
#1531=VERTEX_POINT('',#5022);
#1532=VERTEX_POINT('',#5024);
#1533=VERTEX_POINT('',#5026);
#1534=VERTEX_POINT('',#5028);
#1535=VERTEX_POINT('',#5030);
#1536=VERTEX_POINT('',#5032);
#1537=VERTEX_POINT('',#5034);
#1538=VERTEX_POINT('',#5036);
#1539=VERTEX_POINT('',#5038);
#1540=VERTEX_POINT('',#5040);
#1541=VERTEX_POINT('',#5042);
#1542=VERTEX_POINT('',#5044);
#1543=VERTEX_POINT('',#5046);
#1544=VERTEX_POINT('',#5048);
#1545=VERTEX_POINT('',#5050);
#1546=VERTEX_POINT('',#5052);
#1547=VERTEX_POINT('',#5054);
#1548=VERTEX_POINT('',#5056);
#1549=VERTEX_POINT('',#5058);
#1550=VERTEX_POINT('',#5060);
#1551=VERTEX_POINT('',#5062);
#1552=VERTEX_POINT('',#5064);
#1553=VERTEX_POINT('',#5066);
#1554=VERTEX_POINT('',#5068);
#1555=VERTEX_POINT('',#5070);
#1556=VERTEX_POINT('',#5072);
#1557=VERTEX_POINT('',#5074);
#1558=VERTEX_POINT('',#5076);
#1559=VERTEX_POINT('',#5078);
#1560=VERTEX_POINT('',#5080);
#1561=VERTEX_POINT('',#5082);
#1562=VERTEX_POINT('',#5084);
#1563=VERTEX_POINT('',#5086);
#1564=VERTEX_POINT('',#5088);
#1565=VERTEX_POINT('',#5090);
#1566=VERTEX_POINT('',#5092);
#1567=VERTEX_POINT('',#5094);
#1568=VERTEX_POINT('',#5096);
#1569=VERTEX_POINT('',#5098);
#1570=VERTEX_POINT('',#5100);
#1571=VERTEX_POINT('',#5102);
#1572=VERTEX_POINT('',#5105);
#1573=VERTEX_POINT('',#5107);
#1574=VERTEX_POINT('',#5110);
#1575=VERTEX_POINT('',#5112);
#1576=VERTEX_POINT('',#5116);
#1577=VERTEX_POINT('',#5120);
#1578=VERTEX_POINT('',#5127);
#1579=VERTEX_POINT('',#5131);
#1580=VERTEX_POINT('',#5138);
#1581=VERTEX_POINT('',#5142);
#1582=VERTEX_POINT('',#5149);
#1583=VERTEX_POINT('',#5151);
#1584=VERTEX_POINT('',#5155);
#1585=VERTEX_POINT('',#5157);
#1586=VERTEX_POINT('',#5165);
#1587=VERTEX_POINT('',#5167);
#1588=VERTEX_POINT('',#5171);
#1589=VERTEX_POINT('',#5175);
#1590=VERTEX_POINT('',#5181);
#1591=VERTEX_POINT('',#5183);
#1592=VERTEX_POINT('',#5187);
#1593=VERTEX_POINT('',#5191);
#1594=VERTEX_POINT('',#5197);
#1595=VERTEX_POINT('',#5199);
#1596=VERTEX_POINT('',#5203);
#1597=VERTEX_POINT('',#5207);
#1598=VERTEX_POINT('',#5213);
#1599=VERTEX_POINT('',#5215);
#1600=VERTEX_POINT('',#5219);
#1601=VERTEX_POINT('',#5223);
#1602=VERTEX_POINT('',#5229);
#1603=VERTEX_POINT('',#5231);
#1604=VERTEX_POINT('',#5235);
#1605=VERTEX_POINT('',#5237);
#1606=VERTEX_POINT('',#5241);
#1607=VERTEX_POINT('',#5245);
#1608=VERTEX_POINT('',#5251);
#1609=VERTEX_POINT('',#5253);
#1610=VERTEX_POINT('',#5257);
#1611=VERTEX_POINT('',#5261);
#1612=VERTEX_POINT('',#5267);
#1613=VERTEX_POINT('',#5269);
#1614=VERTEX_POINT('',#5273);
#1615=VERTEX_POINT('',#5277);
#1616=VERTEX_POINT('',#5283);
#1617=VERTEX_POINT('',#5285);
#1618=VERTEX_POINT('',#5289);
#1619=VERTEX_POINT('',#5293);
#1620=VERTEX_POINT('',#5299);
#1621=VERTEX_POINT('',#5301);
#1622=VERTEX_POINT('',#5305);
#1623=VERTEX_POINT('',#5309);
#1624=VERTEX_POINT('',#5315);
#1625=VERTEX_POINT('',#5317);
#1626=VERTEX_POINT('',#5321);
#1627=VERTEX_POINT('',#5325);
#1628=VERTEX_POINT('',#5331);
#1629=VERTEX_POINT('',#5333);
#1630=VERTEX_POINT('',#5337);
#1631=VERTEX_POINT('',#5341);
#1632=VERTEX_POINT('',#5347);
#1633=VERTEX_POINT('',#5349);
#1634=VERTEX_POINT('',#5353);
#1635=VERTEX_POINT('',#5357);
#1636=VERTEX_POINT('',#5363);
#1637=VERTEX_POINT('',#5365);
#1638=VERTEX_POINT('',#5369);
#1639=VERTEX_POINT('',#5373);
#1640=VERTEX_POINT('',#5379);
#1641=VERTEX_POINT('',#5381);
#1642=VERTEX_POINT('',#5385);
#1643=VERTEX_POINT('',#5389);
#1644=VERTEX_POINT('',#5397);
#1645=VERTEX_POINT('',#5399);
#1646=VERTEX_POINT('',#5408);
#1647=VERTEX_POINT('',#5409);
#1648=VERTEX_POINT('',#5411);
#1649=VERTEX_POINT('',#5413);
#1650=VERTEX_POINT('',#5417);
#1651=VERTEX_POINT('',#5419);
#1652=VERTEX_POINT('',#5423);
#1653=VERTEX_POINT('',#5425);
#1654=VERTEX_POINT('',#5434);
#1655=VERTEX_POINT('',#5435);
#1656=VERTEX_POINT('',#5437);
#1657=VERTEX_POINT('',#5439);
#1658=VERTEX_POINT('',#5443);
#1659=VERTEX_POINT('',#5445);
#1660=VERTEX_POINT('',#5449);
#1661=VERTEX_POINT('',#5451);
#1662=VERTEX_POINT('',#5460);
#1663=VERTEX_POINT('',#5461);
#1664=VERTEX_POINT('',#5463);
#1665=VERTEX_POINT('',#5465);
#1666=VERTEX_POINT('',#5469);
#1667=VERTEX_POINT('',#5471);
#1668=VERTEX_POINT('',#5475);
#1669=VERTEX_POINT('',#5477);
#1670=VERTEX_POINT('',#5486);
#1671=VERTEX_POINT('',#5487);
#1672=VERTEX_POINT('',#5489);
#1673=VERTEX_POINT('',#5491);
#1674=VERTEX_POINT('',#5495);
#1675=VERTEX_POINT('',#5497);
#1676=VERTEX_POINT('',#5501);
#1677=VERTEX_POINT('',#5503);
#1678=VERTEX_POINT('',#5512);
#1679=VERTEX_POINT('',#5513);
#1680=VERTEX_POINT('',#5515);
#1681=VERTEX_POINT('',#5517);
#1682=VERTEX_POINT('',#5521);
#1683=VERTEX_POINT('',#5523);
#1684=VERTEX_POINT('',#5527);
#1685=VERTEX_POINT('',#5529);
#1686=VERTEX_POINT('',#5538);
#1687=VERTEX_POINT('',#5539);
#1688=VERTEX_POINT('',#5541);
#1689=VERTEX_POINT('',#5543);
#1690=VERTEX_POINT('',#5547);
#1691=VERTEX_POINT('',#5549);
#1692=VERTEX_POINT('',#5553);
#1693=VERTEX_POINT('',#5555);
#1694=VERTEX_POINT('',#5564);
#1695=VERTEX_POINT('',#5565);
#1696=VERTEX_POINT('',#5567);
#1697=VERTEX_POINT('',#5569);
#1698=VERTEX_POINT('',#5573);
#1699=VERTEX_POINT('',#5575);
#1700=VERTEX_POINT('',#5579);
#1701=VERTEX_POINT('',#5581);
#1702=VERTEX_POINT('',#5590);
#1703=VERTEX_POINT('',#5591);
#1704=VERTEX_POINT('',#5593);
#1705=VERTEX_POINT('',#5595);
#1706=VERTEX_POINT('',#5599);
#1707=VERTEX_POINT('',#5601);
#1708=VERTEX_POINT('',#5605);
#1709=VERTEX_POINT('',#5607);
#1710=VERTEX_POINT('',#5616);
#1711=VERTEX_POINT('',#5617);
#1712=VERTEX_POINT('',#5619);
#1713=VERTEX_POINT('',#5621);
#1714=VERTEX_POINT('',#5625);
#1715=VERTEX_POINT('',#5627);
#1716=VERTEX_POINT('',#5631);
#1717=VERTEX_POINT('',#5633);
#1718=VERTEX_POINT('',#5642);
#1719=VERTEX_POINT('',#5643);
#1720=VERTEX_POINT('',#5645);
#1721=VERTEX_POINT('',#5647);
#1722=VERTEX_POINT('',#5651);
#1723=VERTEX_POINT('',#5653);
#1724=VERTEX_POINT('',#5657);
#1725=VERTEX_POINT('',#5659);
#1726=VERTEX_POINT('',#5668);
#1727=VERTEX_POINT('',#5669);
#1728=VERTEX_POINT('',#5671);
#1729=VERTEX_POINT('',#5673);
#1730=VERTEX_POINT('',#5677);
#1731=VERTEX_POINT('',#5679);
#1732=VERTEX_POINT('',#5683);
#1733=VERTEX_POINT('',#5685);
#1734=VERTEX_POINT('',#5694);
#1735=VERTEX_POINT('',#5695);
#1736=VERTEX_POINT('',#5697);
#1737=VERTEX_POINT('',#5699);
#1738=VERTEX_POINT('',#5703);
#1739=VERTEX_POINT('',#5705);
#1740=VERTEX_POINT('',#5709);
#1741=VERTEX_POINT('',#5711);
#1742=VERTEX_POINT('',#5720);
#1743=VERTEX_POINT('',#5721);
#1744=VERTEX_POINT('',#5723);
#1745=VERTEX_POINT('',#5725);
#1746=VERTEX_POINT('',#5729);
#1747=VERTEX_POINT('',#5731);
#1748=VERTEX_POINT('',#5735);
#1749=VERTEX_POINT('',#5737);
#1750=VERTEX_POINT('',#5746);
#1751=VERTEX_POINT('',#5747);
#1752=VERTEX_POINT('',#5749);
#1753=VERTEX_POINT('',#5751);
#1754=VERTEX_POINT('',#5755);
#1755=VERTEX_POINT('',#5757);
#1756=VERTEX_POINT('',#5761);
#1757=VERTEX_POINT('',#5763);
#1758=VERTEX_POINT('',#5772);
#1759=VERTEX_POINT('',#5773);
#1760=VERTEX_POINT('',#5775);
#1761=VERTEX_POINT('',#5777);
#1762=VERTEX_POINT('',#5781);
#1763=VERTEX_POINT('',#5783);
#1764=VERTEX_POINT('',#5787);
#1765=VERTEX_POINT('',#5789);
#1766=VERTEX_POINT('',#5798);
#1767=VERTEX_POINT('',#5799);
#1768=VERTEX_POINT('',#5801);
#1769=VERTEX_POINT('',#5803);
#1770=VERTEX_POINT('',#5807);
#1771=VERTEX_POINT('',#5809);
#1772=VERTEX_POINT('',#5813);
#1773=VERTEX_POINT('',#5815);
#1774=VERTEX_POINT('',#5824);
#1775=VERTEX_POINT('',#5825);
#1776=VERTEX_POINT('',#5827);
#1777=VERTEX_POINT('',#5829);
#1778=VERTEX_POINT('',#5833);
#1779=VERTEX_POINT('',#5835);
#1780=VERTEX_POINT('',#5839);
#1781=VERTEX_POINT('',#5841);
#1782=VERTEX_POINT('',#5850);
#1783=VERTEX_POINT('',#5851);
#1784=VERTEX_POINT('',#5853);
#1785=VERTEX_POINT('',#5855);
#1786=VERTEX_POINT('',#5859);
#1787=VERTEX_POINT('',#5861);
#1788=VERTEX_POINT('',#5865);
#1789=VERTEX_POINT('',#5867);
#1790=VERTEX_POINT('',#5876);
#1791=VERTEX_POINT('',#5877);
#1792=VERTEX_POINT('',#5879);
#1793=VERTEX_POINT('',#5881);
#1794=VERTEX_POINT('',#5885);
#1795=VERTEX_POINT('',#5887);
#1796=VERTEX_POINT('',#5891);
#1797=VERTEX_POINT('',#5893);
#1798=VERTEX_POINT('',#5902);
#1799=VERTEX_POINT('',#5903);
#1800=VERTEX_POINT('',#5905);
#1801=VERTEX_POINT('',#5907);
#1802=VERTEX_POINT('',#5911);
#1803=VERTEX_POINT('',#5913);
#1804=VERTEX_POINT('',#5917);
#1805=VERTEX_POINT('',#5919);
#1806=EDGE_CURVE('',#1476,#1477,#490,.T.);
#1807=EDGE_CURVE('',#1477,#1478,#491,.T.);
#1808=EDGE_CURVE('',#1479,#1478,#492,.T.);
#1809=EDGE_CURVE('',#1476,#1479,#493,.T.);
#1810=EDGE_CURVE('',#1480,#1476,#494,.T.);
#1811=EDGE_CURVE('',#1481,#1479,#495,.T.);
#1812=EDGE_CURVE('',#1480,#1481,#496,.T.);
#1813=EDGE_CURVE('',#1482,#1480,#497,.T.);
#1814=EDGE_CURVE('',#1483,#1481,#498,.T.);
#1815=EDGE_CURVE('',#1483,#1482,#499,.T.);
#1816=EDGE_CURVE('',#1478,#1483,#500,.T.);
#1817=EDGE_CURVE('',#1484,#1477,#501,.T.);
#1818=EDGE_CURVE('',#1485,#1484,#502,.T.);
#1819=EDGE_CURVE('',#1486,#1485,#503,.T.);
#1820=EDGE_CURVE('',#1487,#1486,#504,.T.);
#1821=EDGE_CURVE('',#1488,#1487,#505,.T.);
#1822=EDGE_CURVE('',#1489,#1488,#506,.T.);
#1823=EDGE_CURVE('',#1490,#1489,#507,.T.);
#1824=EDGE_CURVE('',#1491,#1490,#508,.T.);
#1825=EDGE_CURVE('',#1492,#1491,#509,.T.);
#1826=EDGE_CURVE('',#1493,#1492,#510,.T.);
#1827=EDGE_CURVE('',#1494,#1493,#511,.T.);
#1828=EDGE_CURVE('',#1495,#1494,#512,.T.);
#1829=EDGE_CURVE('',#1496,#1495,#513,.T.);
#1830=EDGE_CURVE('',#1496,#1497,#514,.T.);
#1831=EDGE_CURVE('',#1498,#1497,#515,.T.);
#1832=EDGE_CURVE('',#1499,#1498,#516,.T.);
#1833=EDGE_CURVE('',#1500,#1499,#517,.T.);
#1834=EDGE_CURVE('',#1501,#1500,#518,.T.);
#1835=EDGE_CURVE('',#1502,#1501,#519,.T.);
#1836=EDGE_CURVE('',#1503,#1502,#520,.T.);
#1837=EDGE_CURVE('',#1482,#1503,#521,.T.);
#1838=EDGE_CURVE('',#1504,#1491,#522,.T.);
#1839=EDGE_CURVE('',#1505,#1490,#523,.T.);
#1840=EDGE_CURVE('',#1504,#1505,#524,.T.);
#1841=EDGE_CURVE('',#1506,#1504,#525,.T.);
#1842=EDGE_CURVE('',#1507,#1505,#526,.T.);
#1843=EDGE_CURVE('',#1506,#1507,#527,.T.);
#1844=EDGE_CURVE('',#1488,#1506,#528,.T.);
#1845=EDGE_CURVE('',#1489,#1507,#529,.T.);
#1846=EDGE_CURVE('',#1508,#1503,#530,.T.);
#1847=EDGE_CURVE('',#1509,#1508,#531,.T.);
#1848=EDGE_CURVE('',#1500,#1509,#532,.T.);
#1849=EDGE_CURVE('',#1499,#1510,#533,.T.);
#1850=EDGE_CURVE('',#1510,#1511,#534,.T.);
#1851=EDGE_CURVE('',#1511,#1512,#535,.T.);
#1852=EDGE_CURVE('',#1512,#1513,#536,.T.);
#1853=EDGE_CURVE('',#1513,#1514,#537,.T.);
#1854=EDGE_CURVE('',#1514,#1515,#538,.T.);
#1855=EDGE_CURVE('',#1515,#1516,#539,.T.);
#1856=EDGE_CURVE('',#1516,#1517,#540,.T.);
#1857=EDGE_CURVE('',#1517,#1518,#541,.T.);
#1858=EDGE_CURVE('',#1518,#1519,#542,.T.);
#1859=EDGE_CURVE('',#1519,#1520,#543,.T.);
#1860=EDGE_CURVE('',#1520,#1521,#544,.T.);
#1861=EDGE_CURVE('',#1521,#1522,#545,.T.);
#1862=EDGE_CURVE('',#1522,#1523,#546,.T.);
#1863=EDGE_CURVE('',#1523,#1524,#547,.T.);
#1864=EDGE_CURVE('',#1524,#1525,#548,.T.);
#1865=EDGE_CURVE('',#1525,#1526,#549,.T.);
#1866=EDGE_CURVE('',#1526,#1527,#550,.T.);
#1867=EDGE_CURVE('',#1527,#1528,#551,.T.);
#1868=EDGE_CURVE('',#1528,#1529,#552,.T.);
#1869=EDGE_CURVE('',#1529,#1530,#553,.T.);
#1870=EDGE_CURVE('',#1530,#1531,#554,.T.);
#1871=EDGE_CURVE('',#1531,#1532,#555,.T.);
#1872=EDGE_CURVE('',#1532,#1533,#556,.T.);
#1873=EDGE_CURVE('',#1533,#1534,#557,.T.);
#1874=EDGE_CURVE('',#1534,#1535,#558,.T.);
#1875=EDGE_CURVE('',#1535,#1536,#559,.T.);
#1876=EDGE_CURVE('',#1536,#1537,#560,.T.);
#1877=EDGE_CURVE('',#1537,#1538,#561,.T.);
#1878=EDGE_CURVE('',#1538,#1539,#562,.T.);
#1879=EDGE_CURVE('',#1539,#1540,#563,.T.);
#1880=EDGE_CURVE('',#1540,#1541,#564,.T.);
#1881=EDGE_CURVE('',#1541,#1542,#565,.T.);
#1882=EDGE_CURVE('',#1542,#1543,#566,.T.);
#1883=EDGE_CURVE('',#1543,#1544,#567,.T.);
#1884=EDGE_CURVE('',#1544,#1545,#568,.T.);
#1885=EDGE_CURVE('',#1545,#1546,#569,.T.);
#1886=EDGE_CURVE('',#1546,#1547,#570,.T.);
#1887=EDGE_CURVE('',#1547,#1548,#571,.T.);
#1888=EDGE_CURVE('',#1548,#1549,#572,.T.);
#1889=EDGE_CURVE('',#1549,#1550,#573,.T.);
#1890=EDGE_CURVE('',#1550,#1551,#574,.T.);
#1891=EDGE_CURVE('',#1551,#1552,#575,.T.);
#1892=EDGE_CURVE('',#1552,#1553,#576,.T.);
#1893=EDGE_CURVE('',#1553,#1554,#577,.T.);
#1894=EDGE_CURVE('',#1554,#1555,#578,.T.);
#1895=EDGE_CURVE('',#1555,#1556,#579,.T.);
#1896=EDGE_CURVE('',#1556,#1557,#580,.T.);
#1897=EDGE_CURVE('',#1557,#1558,#581,.T.);
#1898=EDGE_CURVE('',#1558,#1559,#582,.T.);
#1899=EDGE_CURVE('',#1559,#1560,#583,.T.);
#1900=EDGE_CURVE('',#1560,#1561,#584,.T.);
#1901=EDGE_CURVE('',#1561,#1562,#585,.T.);
#1902=EDGE_CURVE('',#1562,#1563,#586,.T.);
#1903=EDGE_CURVE('',#1563,#1564,#587,.T.);
#1904=EDGE_CURVE('',#1564,#1565,#588,.T.);
#1905=EDGE_CURVE('',#1565,#1566,#589,.T.);
#1906=EDGE_CURVE('',#1566,#1567,#590,.T.);
#1907=EDGE_CURVE('',#1567,#1568,#591,.T.);
#1908=EDGE_CURVE('',#1568,#1569,#592,.T.);
#1909=EDGE_CURVE('',#1569,#1570,#593,.T.);
#1910=EDGE_CURVE('',#1570,#1571,#594,.T.);
#1911=EDGE_CURVE('',#1571,#1496,#595,.T.);
#1912=EDGE_CURVE('',#1572,#1495,#596,.T.);
#1913=EDGE_CURVE('',#1573,#1572,#597,.T.);
#1914=EDGE_CURVE('',#1492,#1573,#598,.T.);
#1915=EDGE_CURVE('',#1574,#1487,#599,.T.);
#1916=EDGE_CURVE('',#1575,#1574,#600,.T.);
#1917=EDGE_CURVE('',#1484,#1575,#601,.T.);
#1918=EDGE_CURVE('',#1576,#1494,#602,.T.);
#1919=EDGE_CURVE('',#1572,#1576,#603,.T.);
#1920=EDGE_CURVE('',#1577,#1576,#604,.T.);
#1921=EDGE_CURVE('',#1573,#1577,#605,.T.);
#1922=EDGE_CURVE('',#1493,#1577,#606,.T.);
#1923=EDGE_CURVE('',#1578,#1502,#607,.T.);
#1924=EDGE_CURVE('',#1508,#1578,#608,.T.);
#1925=EDGE_CURVE('',#1579,#1578,#609,.T.);
#1926=EDGE_CURVE('',#1509,#1579,#610,.T.);
#1927=EDGE_CURVE('',#1501,#1579,#611,.T.);
#1928=EDGE_CURVE('',#1575,#1580,#612,.T.);
#1929=EDGE_CURVE('',#1485,#1580,#613,.T.);
#1930=EDGE_CURVE('',#1581,#1486,#614,.T.);
#1931=EDGE_CURVE('',#1574,#1581,#615,.T.);
#1932=EDGE_CURVE('',#1580,#1581,#616,.T.);
#1933=EDGE_CURVE('',#1582,#1539,#617,.T.);
#1934=EDGE_CURVE('',#1582,#1583,#618,.T.);
#1935=EDGE_CURVE('',#1540,#1583,#619,.T.);
#1936=EDGE_CURVE('',#1541,#1584,#620,.T.);
#1937=EDGE_CURVE('',#1584,#1585,#621,.T.);
#1938=EDGE_CURVE('',#1542,#1585,#622,.T.);
#1939=EDGE_CURVE('',#1583,#1584,#623,.T.);
#1940=EDGE_CURVE('',#1585,#1582,#624,.T.);
#1941=EDGE_CURVE('',#1545,#1586,#625,.T.);
#1942=EDGE_CURVE('',#1586,#1587,#626,.T.);
#1943=EDGE_CURVE('',#1546,#1587,#627,.T.);
#1944=EDGE_CURVE('',#1544,#1588,#628,.T.);
#1945=EDGE_CURVE('',#1588,#1586,#629,.T.);
#1946=EDGE_CURVE('',#1589,#1543,#630,.T.);
#1947=EDGE_CURVE('',#1589,#1588,#631,.T.);
#1948=EDGE_CURVE('',#1587,#1589,#632,.T.);
#1949=EDGE_CURVE('',#1537,#1590,#633,.T.);
#1950=EDGE_CURVE('',#1590,#1591,#634,.T.);
#1951=EDGE_CURVE('',#1538,#1591,#635,.T.);
#1952=EDGE_CURVE('',#1536,#1592,#636,.T.);
#1953=EDGE_CURVE('',#1592,#1590,#637,.T.);
#1954=EDGE_CURVE('',#1593,#1535,#638,.T.);
#1955=EDGE_CURVE('',#1593,#1592,#639,.T.);
#1956=EDGE_CURVE('',#1591,#1593,#640,.T.);
#1957=EDGE_CURVE('',#1549,#1594,#641,.T.);
#1958=EDGE_CURVE('',#1594,#1595,#642,.T.);
#1959=EDGE_CURVE('',#1550,#1595,#643,.T.);
#1960=EDGE_CURVE('',#1548,#1596,#644,.T.);
#1961=EDGE_CURVE('',#1596,#1594,#645,.T.);
#1962=EDGE_CURVE('',#1597,#1547,#646,.T.);
#1963=EDGE_CURVE('',#1597,#1596,#647,.T.);
#1964=EDGE_CURVE('',#1595,#1597,#648,.T.);
#1965=EDGE_CURVE('',#1533,#1598,#649,.T.);
#1966=EDGE_CURVE('',#1598,#1599,#650,.T.);
#1967=EDGE_CURVE('',#1534,#1599,#651,.T.);
#1968=EDGE_CURVE('',#1532,#1600,#652,.T.);
#1969=EDGE_CURVE('',#1600,#1598,#653,.T.);
#1970=EDGE_CURVE('',#1601,#1531,#654,.T.);
#1971=EDGE_CURVE('',#1601,#1600,#655,.T.);
#1972=EDGE_CURVE('',#1599,#1601,#656,.T.);
#1973=EDGE_CURVE('',#1530,#1602,#657,.T.);
#1974=EDGE_CURVE('',#1603,#1602,#658,.T.);
#1975=EDGE_CURVE('',#1551,#1603,#659,.T.);
#1976=EDGE_CURVE('',#1604,#1510,#660,.T.);
#1977=EDGE_CURVE('',#1605,#1604,#661,.T.);
#1978=EDGE_CURVE('',#1511,#1605,#662,.T.);
#1979=EDGE_CURVE('',#1606,#1605,#663,.T.);
#1980=EDGE_CURVE('',#1512,#1606,#664,.T.);
#1981=EDGE_CURVE('',#1607,#1606,#665,.T.);
#1982=EDGE_CURVE('',#1513,#1607,#666,.T.);
#1983=EDGE_CURVE('',#1607,#1604,#667,.T.);
#1984=EDGE_CURVE('',#1519,#1608,#668,.T.);
#1985=EDGE_CURVE('',#1609,#1608,#669,.T.);
#1986=EDGE_CURVE('',#1520,#1609,#670,.T.);
#1987=EDGE_CURVE('',#1610,#1609,#671,.T.);
#1988=EDGE_CURVE('',#1521,#1610,#672,.T.);
#1989=EDGE_CURVE('',#1611,#1518,#673,.T.);
#1990=EDGE_CURVE('',#1608,#1611,#674,.T.);
#1991=EDGE_CURVE('',#1610,#1611,#675,.T.);
#1992=EDGE_CURVE('',#1527,#1612,#676,.T.);
#1993=EDGE_CURVE('',#1613,#1612,#677,.T.);
#1994=EDGE_CURVE('',#1528,#1613,#678,.T.);
#1995=EDGE_CURVE('',#1614,#1613,#679,.T.);
#1996=EDGE_CURVE('',#1529,#1614,#680,.T.);
#1997=EDGE_CURVE('',#1615,#1526,#681,.T.);
#1998=EDGE_CURVE('',#1612,#1615,#682,.T.);
#1999=EDGE_CURVE('',#1614,#1615,#683,.T.);
#2000=EDGE_CURVE('',#1523,#1616,#684,.T.);
#2001=EDGE_CURVE('',#1617,#1616,#685,.T.);
#2002=EDGE_CURVE('',#1524,#1617,#686,.T.);
#2003=EDGE_CURVE('',#1618,#1617,#687,.T.);
#2004=EDGE_CURVE('',#1525,#1618,#688,.T.);
#2005=EDGE_CURVE('',#1619,#1522,#689,.T.);
#2006=EDGE_CURVE('',#1616,#1619,#690,.T.);
#2007=EDGE_CURVE('',#1618,#1619,#691,.T.);
#2008=EDGE_CURVE('',#1620,#1514,#692,.T.);
#2009=EDGE_CURVE('',#1621,#1620,#693,.T.);
#2010=EDGE_CURVE('',#1515,#1621,#694,.T.);
#2011=EDGE_CURVE('',#1622,#1621,#695,.T.);
#2012=EDGE_CURVE('',#1516,#1622,#696,.T.);
#2013=EDGE_CURVE('',#1623,#1622,#697,.T.);
#2014=EDGE_CURVE('',#1517,#1623,#698,.T.);
#2015=EDGE_CURVE('',#1623,#1620,#699,.T.);
#2016=EDGE_CURVE('',#1561,#1624,#700,.T.);
#2017=EDGE_CURVE('',#1624,#1625,#701,.T.);
#2018=EDGE_CURVE('',#1562,#1625,#702,.T.);
#2019=EDGE_CURVE('',#1626,#1560,#703,.T.);
#2020=EDGE_CURVE('',#1626,#1624,#704,.T.);
#2021=EDGE_CURVE('',#1625,#1627,#705,.T.);
#2022=EDGE_CURVE('',#1563,#1627,#706,.T.);
#2023=EDGE_CURVE('',#1627,#1626,#707,.T.);
#2024=EDGE_CURVE('',#1557,#1628,#708,.T.);
#2025=EDGE_CURVE('',#1628,#1629,#709,.T.);
#2026=EDGE_CURVE('',#1558,#1629,#710,.T.);
#2027=EDGE_CURVE('',#1630,#1556,#711,.T.);
#2028=EDGE_CURVE('',#1630,#1628,#712,.T.);
#2029=EDGE_CURVE('',#1629,#1631,#713,.T.);
#2030=EDGE_CURVE('',#1559,#1631,#714,.T.);
#2031=EDGE_CURVE('',#1631,#1630,#715,.T.);
#2032=EDGE_CURVE('',#1566,#1632,#716,.T.);
#2033=EDGE_CURVE('',#1632,#1633,#717,.T.);
#2034=EDGE_CURVE('',#1567,#1633,#718,.T.);
#2035=EDGE_CURVE('',#1565,#1634,#719,.T.);
#2036=EDGE_CURVE('',#1634,#1632,#720,.T.);
#2037=EDGE_CURVE('',#1635,#1564,#721,.T.);
#2038=EDGE_CURVE('',#1635,#1634,#722,.T.);
#2039=EDGE_CURVE('',#1633,#1635,#723,.T.);
#2040=EDGE_CURVE('',#1553,#1636,#724,.T.);
#2041=EDGE_CURVE('',#1636,#1637,#725,.T.);
#2042=EDGE_CURVE('',#1554,#1637,#726,.T.);
#2043=EDGE_CURVE('',#1638,#1552,#727,.T.);
#2044=EDGE_CURVE('',#1638,#1636,#728,.T.);
#2045=EDGE_CURVE('',#1637,#1639,#729,.T.);
#2046=EDGE_CURVE('',#1555,#1639,#730,.T.);
#2047=EDGE_CURVE('',#1639,#1638,#731,.T.);
#2048=EDGE_CURVE('',#1570,#1640,#732,.T.);
#2049=EDGE_CURVE('',#1640,#1641,#733,.T.);
#2050=EDGE_CURVE('',#1571,#1641,#734,.T.);
#2051=EDGE_CURVE('',#1569,#1642,#735,.T.);
#2052=EDGE_CURVE('',#1642,#1640,#736,.T.);
#2053=EDGE_CURVE('',#1643,#1568,#737,.T.);
#2054=EDGE_CURVE('',#1643,#1642,#738,.T.);
#2055=EDGE_CURVE('',#1641,#1643,#739,.T.);
#2056=EDGE_CURVE('',#1497,#1603,#740,.T.);
#2057=EDGE_CURVE('',#1644,#1644,#70,.T.);
#2058=EDGE_CURVE('',#1644,#1645,#741,.T.);
#2059=EDGE_CURVE('',#1645,#1645,#71,.T.);
#2060=EDGE_CURVE('',#1602,#1498,#742,.T.);
#2061=EDGE_CURVE('',#1646,#1647,#743,.T.);
#2062=EDGE_CURVE('',#1646,#1648,#744,.T.);
#2063=EDGE_CURVE('',#1649,#1648,#745,.T.);
#2064=EDGE_CURVE('',#1647,#1649,#746,.T.);
#2065=EDGE_CURVE('',#1647,#1650,#747,.T.);
#2066=EDGE_CURVE('',#1651,#1649,#748,.T.);
#2067=EDGE_CURVE('',#1650,#1651,#749,.T.);
#2068=EDGE_CURVE('',#1650,#1652,#750,.T.);
#2069=EDGE_CURVE('',#1653,#1651,#751,.T.);
#2070=EDGE_CURVE('',#1652,#1653,#752,.T.);
#2071=EDGE_CURVE('',#1652,#1646,#753,.T.);
#2072=EDGE_CURVE('',#1648,#1653,#754,.T.);
#2073=EDGE_CURVE('',#1654,#1655,#755,.T.);
#2074=EDGE_CURVE('',#1654,#1656,#756,.T.);
#2075=EDGE_CURVE('',#1657,#1656,#757,.T.);
#2076=EDGE_CURVE('',#1655,#1657,#758,.T.);
#2077=EDGE_CURVE('',#1655,#1658,#759,.T.);
#2078=EDGE_CURVE('',#1659,#1657,#760,.T.);
#2079=EDGE_CURVE('',#1658,#1659,#761,.T.);
#2080=EDGE_CURVE('',#1658,#1660,#762,.T.);
#2081=EDGE_CURVE('',#1661,#1659,#763,.T.);
#2082=EDGE_CURVE('',#1660,#1661,#764,.T.);
#2083=EDGE_CURVE('',#1660,#1654,#765,.T.);
#2084=EDGE_CURVE('',#1656,#1661,#766,.T.);
#2085=EDGE_CURVE('',#1662,#1663,#767,.T.);
#2086=EDGE_CURVE('',#1663,#1664,#768,.T.);
#2087=EDGE_CURVE('',#1665,#1664,#769,.T.);
#2088=EDGE_CURVE('',#1662,#1665,#770,.T.);
#2089=EDGE_CURVE('',#1666,#1662,#771,.T.);
#2090=EDGE_CURVE('',#1667,#1665,#772,.T.);
#2091=EDGE_CURVE('',#1666,#1667,#773,.T.);
#2092=EDGE_CURVE('',#1666,#1668,#774,.T.);
#2093=EDGE_CURVE('',#1669,#1667,#775,.T.);
#2094=EDGE_CURVE('',#1668,#1669,#776,.T.);
#2095=EDGE_CURVE('',#1663,#1668,#777,.T.);
#2096=EDGE_CURVE('',#1664,#1669,#778,.T.);
#2097=EDGE_CURVE('',#1670,#1671,#779,.T.);
#2098=EDGE_CURVE('',#1671,#1672,#780,.T.);
#2099=EDGE_CURVE('',#1673,#1672,#781,.T.);
#2100=EDGE_CURVE('',#1670,#1673,#782,.T.);
#2101=EDGE_CURVE('',#1674,#1670,#783,.T.);
#2102=EDGE_CURVE('',#1675,#1673,#784,.T.);
#2103=EDGE_CURVE('',#1674,#1675,#785,.T.);
#2104=EDGE_CURVE('',#1674,#1676,#786,.T.);
#2105=EDGE_CURVE('',#1677,#1675,#787,.T.);
#2106=EDGE_CURVE('',#1676,#1677,#788,.T.);
#2107=EDGE_CURVE('',#1671,#1676,#789,.T.);
#2108=EDGE_CURVE('',#1672,#1677,#790,.T.);
#2109=EDGE_CURVE('',#1678,#1679,#791,.T.);
#2110=EDGE_CURVE('',#1678,#1680,#792,.T.);
#2111=EDGE_CURVE('',#1681,#1680,#793,.T.);
#2112=EDGE_CURVE('',#1679,#1681,#794,.T.);
#2113=EDGE_CURVE('',#1682,#1679,#795,.T.);
#2114=EDGE_CURVE('',#1683,#1681,#796,.T.);
#2115=EDGE_CURVE('',#1682,#1683,#797,.T.);
#2116=EDGE_CURVE('',#1684,#1682,#798,.T.);
#2117=EDGE_CURVE('',#1685,#1683,#799,.T.);
#2118=EDGE_CURVE('',#1684,#1685,#800,.T.);
#2119=EDGE_CURVE('',#1678,#1684,#801,.T.);
#2120=EDGE_CURVE('',#1680,#1685,#802,.T.);
#2121=EDGE_CURVE('',#1686,#1687,#803,.T.);
#2122=EDGE_CURVE('',#1687,#1688,#804,.T.);
#2123=EDGE_CURVE('',#1689,#1688,#805,.T.);
#2124=EDGE_CURVE('',#1686,#1689,#806,.T.);
#2125=EDGE_CURVE('',#1690,#1686,#807,.T.);
#2126=EDGE_CURVE('',#1691,#1689,#808,.T.);
#2127=EDGE_CURVE('',#1690,#1691,#809,.T.);
#2128=EDGE_CURVE('',#1692,#1690,#810,.T.);
#2129=EDGE_CURVE('',#1693,#1691,#811,.T.);
#2130=EDGE_CURVE('',#1692,#1693,#812,.T.);
#2131=EDGE_CURVE('',#1687,#1692,#813,.T.);
#2132=EDGE_CURVE('',#1688,#1693,#814,.T.);
#2133=EDGE_CURVE('',#1694,#1695,#815,.T.);
#2134=EDGE_CURVE('',#1695,#1696,#816,.T.);
#2135=EDGE_CURVE('',#1697,#1696,#817,.T.);
#2136=EDGE_CURVE('',#1694,#1697,#818,.T.);
#2137=EDGE_CURVE('',#1698,#1694,#819,.T.);
#2138=EDGE_CURVE('',#1699,#1697,#820,.T.);
#2139=EDGE_CURVE('',#1698,#1699,#821,.T.);
#2140=EDGE_CURVE('',#1700,#1698,#822,.T.);
#2141=EDGE_CURVE('',#1701,#1699,#823,.T.);
#2142=EDGE_CURVE('',#1700,#1701,#824,.T.);
#2143=EDGE_CURVE('',#1695,#1700,#825,.T.);
#2144=EDGE_CURVE('',#1696,#1701,#826,.T.);
#2145=EDGE_CURVE('',#1702,#1703,#827,.T.);
#2146=EDGE_CURVE('',#1702,#1704,#828,.T.);
#2147=EDGE_CURVE('',#1705,#1704,#829,.T.);
#2148=EDGE_CURVE('',#1703,#1705,#830,.T.);
#2149=EDGE_CURVE('',#1703,#1706,#831,.T.);
#2150=EDGE_CURVE('',#1707,#1705,#832,.T.);
#2151=EDGE_CURVE('',#1706,#1707,#833,.T.);
#2152=EDGE_CURVE('',#1706,#1708,#834,.T.);
#2153=EDGE_CURVE('',#1709,#1707,#835,.T.);
#2154=EDGE_CURVE('',#1708,#1709,#836,.T.);
#2155=EDGE_CURVE('',#1708,#1702,#837,.T.);
#2156=EDGE_CURVE('',#1704,#1709,#838,.T.);
#2157=EDGE_CURVE('',#1710,#1711,#839,.T.);
#2158=EDGE_CURVE('',#1710,#1712,#840,.T.);
#2159=EDGE_CURVE('',#1713,#1712,#841,.T.);
#2160=EDGE_CURVE('',#1711,#1713,#842,.T.);
#2161=EDGE_CURVE('',#1711,#1714,#843,.T.);
#2162=EDGE_CURVE('',#1715,#1713,#844,.T.);
#2163=EDGE_CURVE('',#1714,#1715,#845,.T.);
#2164=EDGE_CURVE('',#1714,#1716,#846,.T.);
#2165=EDGE_CURVE('',#1717,#1715,#847,.T.);
#2166=EDGE_CURVE('',#1716,#1717,#848,.T.);
#2167=EDGE_CURVE('',#1716,#1710,#849,.T.);
#2168=EDGE_CURVE('',#1712,#1717,#850,.T.);
#2169=EDGE_CURVE('',#1718,#1719,#851,.T.);
#2170=EDGE_CURVE('',#1718,#1720,#852,.T.);
#2171=EDGE_CURVE('',#1721,#1720,#853,.T.);
#2172=EDGE_CURVE('',#1719,#1721,#854,.T.);
#2173=EDGE_CURVE('',#1719,#1722,#855,.T.);
#2174=EDGE_CURVE('',#1723,#1721,#856,.T.);
#2175=EDGE_CURVE('',#1722,#1723,#857,.T.);
#2176=EDGE_CURVE('',#1722,#1724,#858,.T.);
#2177=EDGE_CURVE('',#1725,#1723,#859,.T.);
#2178=EDGE_CURVE('',#1724,#1725,#860,.T.);
#2179=EDGE_CURVE('',#1724,#1718,#861,.T.);
#2180=EDGE_CURVE('',#1720,#1725,#862,.T.);
#2181=EDGE_CURVE('',#1726,#1727,#863,.T.);
#2182=EDGE_CURVE('',#1726,#1728,#864,.T.);
#2183=EDGE_CURVE('',#1729,#1728,#865,.T.);
#2184=EDGE_CURVE('',#1727,#1729,#866,.T.);
#2185=EDGE_CURVE('',#1727,#1730,#867,.T.);
#2186=EDGE_CURVE('',#1731,#1729,#868,.T.);
#2187=EDGE_CURVE('',#1730,#1731,#869,.T.);
#2188=EDGE_CURVE('',#1730,#1732,#870,.T.);
#2189=EDGE_CURVE('',#1733,#1731,#871,.T.);
#2190=EDGE_CURVE('',#1732,#1733,#872,.T.);
#2191=EDGE_CURVE('',#1732,#1726,#873,.T.);
#2192=EDGE_CURVE('',#1728,#1733,#874,.T.);
#2193=EDGE_CURVE('',#1734,#1735,#875,.T.);
#2194=EDGE_CURVE('',#1734,#1736,#876,.T.);
#2195=EDGE_CURVE('',#1737,#1736,#877,.T.);
#2196=EDGE_CURVE('',#1735,#1737,#878,.T.);
#2197=EDGE_CURVE('',#1735,#1738,#879,.T.);
#2198=EDGE_CURVE('',#1739,#1737,#880,.T.);
#2199=EDGE_CURVE('',#1738,#1739,#881,.T.);
#2200=EDGE_CURVE('',#1738,#1740,#882,.T.);
#2201=EDGE_CURVE('',#1741,#1739,#883,.T.);
#2202=EDGE_CURVE('',#1740,#1741,#884,.T.);
#2203=EDGE_CURVE('',#1740,#1734,#885,.T.);
#2204=EDGE_CURVE('',#1736,#1741,#886,.T.);
#2205=EDGE_CURVE('',#1742,#1743,#887,.T.);
#2206=EDGE_CURVE('',#1743,#1744,#888,.T.);
#2207=EDGE_CURVE('',#1745,#1744,#889,.T.);
#2208=EDGE_CURVE('',#1742,#1745,#890,.T.);
#2209=EDGE_CURVE('',#1746,#1742,#891,.T.);
#2210=EDGE_CURVE('',#1747,#1745,#892,.T.);
#2211=EDGE_CURVE('',#1746,#1747,#893,.T.);
#2212=EDGE_CURVE('',#1748,#1746,#894,.T.);
#2213=EDGE_CURVE('',#1749,#1747,#895,.T.);
#2214=EDGE_CURVE('',#1748,#1749,#896,.T.);
#2215=EDGE_CURVE('',#1743,#1748,#897,.T.);
#2216=EDGE_CURVE('',#1744,#1749,#898,.T.);
#2217=EDGE_CURVE('',#1750,#1751,#899,.T.);
#2218=EDGE_CURVE('',#1751,#1752,#900,.T.);
#2219=EDGE_CURVE('',#1753,#1752,#901,.T.);
#2220=EDGE_CURVE('',#1750,#1753,#902,.T.);
#2221=EDGE_CURVE('',#1754,#1750,#903,.T.);
#2222=EDGE_CURVE('',#1755,#1753,#904,.T.);
#2223=EDGE_CURVE('',#1754,#1755,#905,.T.);
#2224=EDGE_CURVE('',#1756,#1754,#906,.T.);
#2225=EDGE_CURVE('',#1757,#1755,#907,.T.);
#2226=EDGE_CURVE('',#1756,#1757,#908,.T.);
#2227=EDGE_CURVE('',#1751,#1756,#909,.T.);
#2228=EDGE_CURVE('',#1752,#1757,#910,.T.);
#2229=EDGE_CURVE('',#1758,#1759,#911,.T.);
#2230=EDGE_CURVE('',#1759,#1760,#912,.T.);
#2231=EDGE_CURVE('',#1761,#1760,#913,.T.);
#2232=EDGE_CURVE('',#1758,#1761,#914,.T.);
#2233=EDGE_CURVE('',#1762,#1758,#915,.T.);
#2234=EDGE_CURVE('',#1763,#1761,#916,.T.);
#2235=EDGE_CURVE('',#1762,#1763,#917,.T.);
#2236=EDGE_CURVE('',#1764,#1762,#918,.T.);
#2237=EDGE_CURVE('',#1765,#1763,#919,.T.);
#2238=EDGE_CURVE('',#1764,#1765,#920,.T.);
#2239=EDGE_CURVE('',#1759,#1764,#921,.T.);
#2240=EDGE_CURVE('',#1760,#1765,#922,.T.);
#2241=EDGE_CURVE('',#1766,#1767,#923,.T.);
#2242=EDGE_CURVE('',#1766,#1768,#924,.T.);
#2243=EDGE_CURVE('',#1769,#1768,#925,.T.);
#2244=EDGE_CURVE('',#1767,#1769,#926,.T.);
#2245=EDGE_CURVE('',#1770,#1767,#927,.T.);
#2246=EDGE_CURVE('',#1771,#1769,#928,.T.);
#2247=EDGE_CURVE('',#1770,#1771,#929,.T.);
#2248=EDGE_CURVE('',#1772,#1770,#930,.T.);
#2249=EDGE_CURVE('',#1773,#1771,#931,.T.);
#2250=EDGE_CURVE('',#1772,#1773,#932,.T.);
#2251=EDGE_CURVE('',#1766,#1772,#933,.T.);
#2252=EDGE_CURVE('',#1768,#1773,#934,.T.);
#2253=EDGE_CURVE('',#1774,#1775,#935,.T.);
#2254=EDGE_CURVE('',#1775,#1776,#936,.T.);
#2255=EDGE_CURVE('',#1777,#1776,#937,.T.);
#2256=EDGE_CURVE('',#1774,#1777,#938,.T.);
#2257=EDGE_CURVE('',#1778,#1774,#939,.T.);
#2258=EDGE_CURVE('',#1779,#1777,#940,.T.);
#2259=EDGE_CURVE('',#1778,#1779,#941,.T.);
#2260=EDGE_CURVE('',#1778,#1780,#942,.T.);
#2261=EDGE_CURVE('',#1781,#1779,#943,.T.);
#2262=EDGE_CURVE('',#1780,#1781,#944,.T.);
#2263=EDGE_CURVE('',#1775,#1780,#945,.T.);
#2264=EDGE_CURVE('',#1776,#1781,#946,.T.);
#2265=EDGE_CURVE('',#1782,#1783,#947,.T.);
#2266=EDGE_CURVE('',#1782,#1784,#948,.T.);
#2267=EDGE_CURVE('',#1785,#1784,#949,.T.);
#2268=EDGE_CURVE('',#1783,#1785,#950,.T.);
#2269=EDGE_CURVE('',#1783,#1786,#951,.T.);
#2270=EDGE_CURVE('',#1787,#1785,#952,.T.);
#2271=EDGE_CURVE('',#1786,#1787,#953,.T.);
#2272=EDGE_CURVE('',#1786,#1788,#954,.T.);
#2273=EDGE_CURVE('',#1789,#1787,#955,.T.);
#2274=EDGE_CURVE('',#1788,#1789,#956,.T.);
#2275=EDGE_CURVE('',#1788,#1782,#957,.T.);
#2276=EDGE_CURVE('',#1784,#1789,#958,.T.);
#2277=EDGE_CURVE('',#1790,#1791,#959,.T.);
#2278=EDGE_CURVE('',#1790,#1792,#960,.T.);
#2279=EDGE_CURVE('',#1793,#1792,#961,.T.);
#2280=EDGE_CURVE('',#1791,#1793,#962,.T.);
#2281=EDGE_CURVE('',#1791,#1794,#963,.T.);
#2282=EDGE_CURVE('',#1795,#1793,#964,.T.);
#2283=EDGE_CURVE('',#1794,#1795,#965,.T.);
#2284=EDGE_CURVE('',#1794,#1796,#966,.T.);
#2285=EDGE_CURVE('',#1797,#1795,#967,.T.);
#2286=EDGE_CURVE('',#1796,#1797,#968,.T.);
#2287=EDGE_CURVE('',#1796,#1790,#969,.T.);
#2288=EDGE_CURVE('',#1792,#1797,#970,.T.);
#2289=EDGE_CURVE('',#1798,#1799,#971,.T.);
#2290=EDGE_CURVE('',#1798,#1800,#972,.T.);
#2291=EDGE_CURVE('',#1801,#1800,#973,.T.);
#2292=EDGE_CURVE('',#1799,#1801,#974,.T.);
#2293=EDGE_CURVE('',#1799,#1802,#975,.T.);
#2294=EDGE_CURVE('',#1803,#1801,#976,.T.);
#2295=EDGE_CURVE('',#1802,#1803,#977,.T.);
#2296=EDGE_CURVE('',#1802,#1804,#978,.T.);
#2297=EDGE_CURVE('',#1805,#1803,#979,.T.);
#2298=EDGE_CURVE('',#1804,#1805,#980,.T.);
#2299=EDGE_CURVE('',#1804,#1798,#981,.T.);
#2300=EDGE_CURVE('',#1800,#1805,#982,.T.);
#2301=ORIENTED_EDGE('',*,*,#1806,.T.);
#2302=ORIENTED_EDGE('',*,*,#1807,.T.);
#2303=ORIENTED_EDGE('',*,*,#1808,.F.);
#2304=ORIENTED_EDGE('',*,*,#1809,.F.);
#2305=ORIENTED_EDGE('',*,*,#1810,.T.);
#2306=ORIENTED_EDGE('',*,*,#1809,.T.);
#2307=ORIENTED_EDGE('',*,*,#1811,.F.);
#2308=ORIENTED_EDGE('',*,*,#1812,.F.);
#2309=ORIENTED_EDGE('',*,*,#1813,.T.);
#2310=ORIENTED_EDGE('',*,*,#1812,.T.);
#2311=ORIENTED_EDGE('',*,*,#1814,.F.);
#2312=ORIENTED_EDGE('',*,*,#1815,.T.);
#2313=ORIENTED_EDGE('',*,*,#1814,.T.);
#2314=ORIENTED_EDGE('',*,*,#1811,.T.);
#2315=ORIENTED_EDGE('',*,*,#1808,.T.);
#2316=ORIENTED_EDGE('',*,*,#1816,.T.);
#2317=ORIENTED_EDGE('',*,*,#1815,.F.);
#2318=ORIENTED_EDGE('',*,*,#1816,.F.);
#2319=ORIENTED_EDGE('',*,*,#1807,.F.);
#2320=ORIENTED_EDGE('',*,*,#1817,.F.);
#2321=ORIENTED_EDGE('',*,*,#1818,.F.);
#2322=ORIENTED_EDGE('',*,*,#1819,.F.);
#2323=ORIENTED_EDGE('',*,*,#1820,.F.);
#2324=ORIENTED_EDGE('',*,*,#1821,.F.);
#2325=ORIENTED_EDGE('',*,*,#1822,.F.);
#2326=ORIENTED_EDGE('',*,*,#1823,.F.);
#2327=ORIENTED_EDGE('',*,*,#1824,.F.);
#2328=ORIENTED_EDGE('',*,*,#1825,.F.);
#2329=ORIENTED_EDGE('',*,*,#1826,.F.);
#2330=ORIENTED_EDGE('',*,*,#1827,.F.);
#2331=ORIENTED_EDGE('',*,*,#1828,.F.);
#2332=ORIENTED_EDGE('',*,*,#1829,.F.);
#2333=ORIENTED_EDGE('',*,*,#1830,.T.);
#2334=ORIENTED_EDGE('',*,*,#1831,.F.);
#2335=ORIENTED_EDGE('',*,*,#1832,.F.);
#2336=ORIENTED_EDGE('',*,*,#1833,.F.);
#2337=ORIENTED_EDGE('',*,*,#1834,.F.);
#2338=ORIENTED_EDGE('',*,*,#1835,.F.);
#2339=ORIENTED_EDGE('',*,*,#1836,.F.);
#2340=ORIENTED_EDGE('',*,*,#1837,.F.);
#2341=ORIENTED_EDGE('',*,*,#1838,.T.);
#2342=ORIENTED_EDGE('',*,*,#1824,.T.);
#2343=ORIENTED_EDGE('',*,*,#1839,.F.);
#2344=ORIENTED_EDGE('',*,*,#1840,.F.);
#2345=ORIENTED_EDGE('',*,*,#1841,.T.);
#2346=ORIENTED_EDGE('',*,*,#1840,.T.);
#2347=ORIENTED_EDGE('',*,*,#1842,.F.);
#2348=ORIENTED_EDGE('',*,*,#1843,.F.);
#2349=ORIENTED_EDGE('',*,*,#1844,.T.);
#2350=ORIENTED_EDGE('',*,*,#1843,.T.);
#2351=ORIENTED_EDGE('',*,*,#1845,.F.);
#2352=ORIENTED_EDGE('',*,*,#1822,.T.);
#2353=ORIENTED_EDGE('',*,*,#1845,.T.);
#2354=ORIENTED_EDGE('',*,*,#1842,.T.);
#2355=ORIENTED_EDGE('',*,*,#1839,.T.);
#2356=ORIENTED_EDGE('',*,*,#1823,.T.);
#2357=ORIENTED_EDGE('',*,*,#1813,.F.);
#2358=ORIENTED_EDGE('',*,*,#1837,.T.);
#2359=ORIENTED_EDGE('',*,*,#1846,.F.);
#2360=ORIENTED_EDGE('',*,*,#1847,.F.);
#2361=ORIENTED_EDGE('',*,*,#1848,.F.);
#2362=ORIENTED_EDGE('',*,*,#1833,.T.);
#2363=ORIENTED_EDGE('',*,*,#1849,.T.);
#2364=ORIENTED_EDGE('',*,*,#1850,.T.);
#2365=ORIENTED_EDGE('',*,*,#1851,.T.);
#2366=ORIENTED_EDGE('',*,*,#1852,.T.);
#2367=ORIENTED_EDGE('',*,*,#1853,.T.);
#2368=ORIENTED_EDGE('',*,*,#1854,.T.);
#2369=ORIENTED_EDGE('',*,*,#1855,.T.);
#2370=ORIENTED_EDGE('',*,*,#1856,.T.);
#2371=ORIENTED_EDGE('',*,*,#1857,.T.);
#2372=ORIENTED_EDGE('',*,*,#1858,.T.);
#2373=ORIENTED_EDGE('',*,*,#1859,.T.);
#2374=ORIENTED_EDGE('',*,*,#1860,.T.);
#2375=ORIENTED_EDGE('',*,*,#1861,.T.);
#2376=ORIENTED_EDGE('',*,*,#1862,.T.);
#2377=ORIENTED_EDGE('',*,*,#1863,.T.);
#2378=ORIENTED_EDGE('',*,*,#1864,.T.);
#2379=ORIENTED_EDGE('',*,*,#1865,.T.);
#2380=ORIENTED_EDGE('',*,*,#1866,.T.);
#2381=ORIENTED_EDGE('',*,*,#1867,.T.);
#2382=ORIENTED_EDGE('',*,*,#1868,.T.);
#2383=ORIENTED_EDGE('',*,*,#1869,.T.);
#2384=ORIENTED_EDGE('',*,*,#1870,.T.);
#2385=ORIENTED_EDGE('',*,*,#1871,.T.);
#2386=ORIENTED_EDGE('',*,*,#1872,.T.);
#2387=ORIENTED_EDGE('',*,*,#1873,.T.);
#2388=ORIENTED_EDGE('',*,*,#1874,.T.);
#2389=ORIENTED_EDGE('',*,*,#1875,.T.);
#2390=ORIENTED_EDGE('',*,*,#1876,.T.);
#2391=ORIENTED_EDGE('',*,*,#1877,.T.);
#2392=ORIENTED_EDGE('',*,*,#1878,.T.);
#2393=ORIENTED_EDGE('',*,*,#1879,.T.);
#2394=ORIENTED_EDGE('',*,*,#1880,.T.);
#2395=ORIENTED_EDGE('',*,*,#1881,.T.);
#2396=ORIENTED_EDGE('',*,*,#1882,.T.);
#2397=ORIENTED_EDGE('',*,*,#1883,.T.);
#2398=ORIENTED_EDGE('',*,*,#1884,.T.);
#2399=ORIENTED_EDGE('',*,*,#1885,.T.);
#2400=ORIENTED_EDGE('',*,*,#1886,.T.);
#2401=ORIENTED_EDGE('',*,*,#1887,.T.);
#2402=ORIENTED_EDGE('',*,*,#1888,.T.);
#2403=ORIENTED_EDGE('',*,*,#1889,.T.);
#2404=ORIENTED_EDGE('',*,*,#1890,.T.);
#2405=ORIENTED_EDGE('',*,*,#1891,.T.);
#2406=ORIENTED_EDGE('',*,*,#1892,.T.);
#2407=ORIENTED_EDGE('',*,*,#1893,.T.);
#2408=ORIENTED_EDGE('',*,*,#1894,.T.);
#2409=ORIENTED_EDGE('',*,*,#1895,.T.);
#2410=ORIENTED_EDGE('',*,*,#1896,.T.);
#2411=ORIENTED_EDGE('',*,*,#1897,.T.);
#2412=ORIENTED_EDGE('',*,*,#1898,.T.);
#2413=ORIENTED_EDGE('',*,*,#1899,.T.);
#2414=ORIENTED_EDGE('',*,*,#1900,.T.);
#2415=ORIENTED_EDGE('',*,*,#1901,.T.);
#2416=ORIENTED_EDGE('',*,*,#1902,.T.);
#2417=ORIENTED_EDGE('',*,*,#1903,.T.);
#2418=ORIENTED_EDGE('',*,*,#1904,.T.);
#2419=ORIENTED_EDGE('',*,*,#1905,.T.);
#2420=ORIENTED_EDGE('',*,*,#1906,.T.);
#2421=ORIENTED_EDGE('',*,*,#1907,.T.);
#2422=ORIENTED_EDGE('',*,*,#1908,.T.);
#2423=ORIENTED_EDGE('',*,*,#1909,.T.);
#2424=ORIENTED_EDGE('',*,*,#1910,.T.);
#2425=ORIENTED_EDGE('',*,*,#1911,.T.);
#2426=ORIENTED_EDGE('',*,*,#1829,.T.);
#2427=ORIENTED_EDGE('',*,*,#1912,.F.);
#2428=ORIENTED_EDGE('',*,*,#1913,.F.);
#2429=ORIENTED_EDGE('',*,*,#1914,.F.);
#2430=ORIENTED_EDGE('',*,*,#1825,.T.);
#2431=ORIENTED_EDGE('',*,*,#1838,.F.);
#2432=ORIENTED_EDGE('',*,*,#1841,.F.);
#2433=ORIENTED_EDGE('',*,*,#1844,.F.);
#2434=ORIENTED_EDGE('',*,*,#1821,.T.);
#2435=ORIENTED_EDGE('',*,*,#1915,.F.);
#2436=ORIENTED_EDGE('',*,*,#1916,.F.);
#2437=ORIENTED_EDGE('',*,*,#1917,.F.);
#2438=ORIENTED_EDGE('',*,*,#1817,.T.);
#2439=ORIENTED_EDGE('',*,*,#1806,.F.);
#2440=ORIENTED_EDGE('',*,*,#1810,.F.);
#2441=ORIENTED_EDGE('',*,*,#1912,.T.);
#2442=ORIENTED_EDGE('',*,*,#1828,.T.);
#2443=ORIENTED_EDGE('',*,*,#1918,.F.);
#2444=ORIENTED_EDGE('',*,*,#1919,.F.);
#2445=ORIENTED_EDGE('',*,*,#1913,.T.);
#2446=ORIENTED_EDGE('',*,*,#1919,.T.);
#2447=ORIENTED_EDGE('',*,*,#1920,.F.);
#2448=ORIENTED_EDGE('',*,*,#1921,.F.);
#2449=ORIENTED_EDGE('',*,*,#1914,.T.);
#2450=ORIENTED_EDGE('',*,*,#1921,.T.);
#2451=ORIENTED_EDGE('',*,*,#1922,.F.);
#2452=ORIENTED_EDGE('',*,*,#1826,.T.);
#2453=ORIENTED_EDGE('',*,*,#1922,.T.);
#2454=ORIENTED_EDGE('',*,*,#1920,.T.);
#2455=ORIENTED_EDGE('',*,*,#1918,.T.);
#2456=ORIENTED_EDGE('',*,*,#1827,.T.);
#2457=ORIENTED_EDGE('',*,*,#1846,.T.);
#2458=ORIENTED_EDGE('',*,*,#1836,.T.);
#2459=ORIENTED_EDGE('',*,*,#1923,.F.);
#2460=ORIENTED_EDGE('',*,*,#1924,.F.);
#2461=ORIENTED_EDGE('',*,*,#1847,.T.);
#2462=ORIENTED_EDGE('',*,*,#1924,.T.);
#2463=ORIENTED_EDGE('',*,*,#1925,.F.);
#2464=ORIENTED_EDGE('',*,*,#1926,.F.);
#2465=ORIENTED_EDGE('',*,*,#1848,.T.);
#2466=ORIENTED_EDGE('',*,*,#1926,.T.);
#2467=ORIENTED_EDGE('',*,*,#1927,.F.);
#2468=ORIENTED_EDGE('',*,*,#1834,.T.);
#2469=ORIENTED_EDGE('',*,*,#1927,.T.);
#2470=ORIENTED_EDGE('',*,*,#1925,.T.);
#2471=ORIENTED_EDGE('',*,*,#1923,.T.);
#2472=ORIENTED_EDGE('',*,*,#1835,.T.);
#2473=ORIENTED_EDGE('',*,*,#1917,.T.);
#2474=ORIENTED_EDGE('',*,*,#1928,.T.);
#2475=ORIENTED_EDGE('',*,*,#1929,.F.);
#2476=ORIENTED_EDGE('',*,*,#1818,.T.);
#2477=ORIENTED_EDGE('',*,*,#1915,.T.);
#2478=ORIENTED_EDGE('',*,*,#1820,.T.);
#2479=ORIENTED_EDGE('',*,*,#1930,.F.);
#2480=ORIENTED_EDGE('',*,*,#1931,.F.);
#2481=ORIENTED_EDGE('',*,*,#1916,.T.);
#2482=ORIENTED_EDGE('',*,*,#1931,.T.);
#2483=ORIENTED_EDGE('',*,*,#1932,.F.);
#2484=ORIENTED_EDGE('',*,*,#1928,.F.);
#2485=ORIENTED_EDGE('',*,*,#1932,.T.);
#2486=ORIENTED_EDGE('',*,*,#1930,.T.);
#2487=ORIENTED_EDGE('',*,*,#1819,.T.);
#2488=ORIENTED_EDGE('',*,*,#1929,.T.);
#2489=ORIENTED_EDGE('',*,*,#1879,.F.);
#2490=ORIENTED_EDGE('',*,*,#1933,.F.);
#2491=ORIENTED_EDGE('',*,*,#1934,.T.);
#2492=ORIENTED_EDGE('',*,*,#1935,.F.);
#2493=ORIENTED_EDGE('',*,*,#1881,.F.);
#2494=ORIENTED_EDGE('',*,*,#1936,.T.);
#2495=ORIENTED_EDGE('',*,*,#1937,.T.);
#2496=ORIENTED_EDGE('',*,*,#1938,.F.);
#2497=ORIENTED_EDGE('',*,*,#1880,.F.);
#2498=ORIENTED_EDGE('',*,*,#1935,.T.);
#2499=ORIENTED_EDGE('',*,*,#1939,.T.);
#2500=ORIENTED_EDGE('',*,*,#1936,.F.);
#2501=ORIENTED_EDGE('',*,*,#1939,.F.);
#2502=ORIENTED_EDGE('',*,*,#1934,.F.);
#2503=ORIENTED_EDGE('',*,*,#1940,.F.);
#2504=ORIENTED_EDGE('',*,*,#1937,.F.);
#2505=ORIENTED_EDGE('',*,*,#1885,.F.);
#2506=ORIENTED_EDGE('',*,*,#1941,.T.);
#2507=ORIENTED_EDGE('',*,*,#1942,.T.);
#2508=ORIENTED_EDGE('',*,*,#1943,.F.);
#2509=ORIENTED_EDGE('',*,*,#1884,.F.);
#2510=ORIENTED_EDGE('',*,*,#1944,.T.);
#2511=ORIENTED_EDGE('',*,*,#1945,.T.);
#2512=ORIENTED_EDGE('',*,*,#1941,.F.);
#2513=ORIENTED_EDGE('',*,*,#1883,.F.);
#2514=ORIENTED_EDGE('',*,*,#1946,.F.);
#2515=ORIENTED_EDGE('',*,*,#1947,.T.);
#2516=ORIENTED_EDGE('',*,*,#1944,.F.);
#2517=ORIENTED_EDGE('',*,*,#1947,.F.);
#2518=ORIENTED_EDGE('',*,*,#1948,.F.);
#2519=ORIENTED_EDGE('',*,*,#1942,.F.);
#2520=ORIENTED_EDGE('',*,*,#1945,.F.);
#2521=ORIENTED_EDGE('',*,*,#1877,.F.);
#2522=ORIENTED_EDGE('',*,*,#1949,.T.);
#2523=ORIENTED_EDGE('',*,*,#1950,.T.);
#2524=ORIENTED_EDGE('',*,*,#1951,.F.);
#2525=ORIENTED_EDGE('',*,*,#1876,.F.);
#2526=ORIENTED_EDGE('',*,*,#1952,.T.);
#2527=ORIENTED_EDGE('',*,*,#1953,.T.);
#2528=ORIENTED_EDGE('',*,*,#1949,.F.);
#2529=ORIENTED_EDGE('',*,*,#1875,.F.);
#2530=ORIENTED_EDGE('',*,*,#1954,.F.);
#2531=ORIENTED_EDGE('',*,*,#1955,.T.);
#2532=ORIENTED_EDGE('',*,*,#1952,.F.);
#2533=ORIENTED_EDGE('',*,*,#1955,.F.);
#2534=ORIENTED_EDGE('',*,*,#1956,.F.);
#2535=ORIENTED_EDGE('',*,*,#1950,.F.);
#2536=ORIENTED_EDGE('',*,*,#1953,.F.);
#2537=ORIENTED_EDGE('',*,*,#1889,.F.);
#2538=ORIENTED_EDGE('',*,*,#1957,.T.);
#2539=ORIENTED_EDGE('',*,*,#1958,.T.);
#2540=ORIENTED_EDGE('',*,*,#1959,.F.);
#2541=ORIENTED_EDGE('',*,*,#1888,.F.);
#2542=ORIENTED_EDGE('',*,*,#1960,.T.);
#2543=ORIENTED_EDGE('',*,*,#1961,.T.);
#2544=ORIENTED_EDGE('',*,*,#1957,.F.);
#2545=ORIENTED_EDGE('',*,*,#1887,.F.);
#2546=ORIENTED_EDGE('',*,*,#1962,.F.);
#2547=ORIENTED_EDGE('',*,*,#1963,.T.);
#2548=ORIENTED_EDGE('',*,*,#1960,.F.);
#2549=ORIENTED_EDGE('',*,*,#1963,.F.);
#2550=ORIENTED_EDGE('',*,*,#1964,.F.);
#2551=ORIENTED_EDGE('',*,*,#1958,.F.);
#2552=ORIENTED_EDGE('',*,*,#1961,.F.);
#2553=ORIENTED_EDGE('',*,*,#1873,.F.);
#2554=ORIENTED_EDGE('',*,*,#1965,.T.);
#2555=ORIENTED_EDGE('',*,*,#1966,.T.);
#2556=ORIENTED_EDGE('',*,*,#1967,.F.);
#2557=ORIENTED_EDGE('',*,*,#1872,.F.);
#2558=ORIENTED_EDGE('',*,*,#1968,.T.);
#2559=ORIENTED_EDGE('',*,*,#1969,.T.);
#2560=ORIENTED_EDGE('',*,*,#1965,.F.);
#2561=ORIENTED_EDGE('',*,*,#1871,.F.);
#2562=ORIENTED_EDGE('',*,*,#1970,.F.);
#2563=ORIENTED_EDGE('',*,*,#1971,.T.);
#2564=ORIENTED_EDGE('',*,*,#1968,.F.);
#2565=ORIENTED_EDGE('',*,*,#1971,.F.);
#2566=ORIENTED_EDGE('',*,*,#1972,.F.);
#2567=ORIENTED_EDGE('',*,*,#1966,.F.);
#2568=ORIENTED_EDGE('',*,*,#1969,.F.);
#2569=ORIENTED_EDGE('',*,*,#1938,.T.);
#2570=ORIENTED_EDGE('',*,*,#1940,.T.);
#2571=ORIENTED_EDGE('',*,*,#1933,.T.);
#2572=ORIENTED_EDGE('',*,*,#1878,.F.);
#2573=ORIENTED_EDGE('',*,*,#1951,.T.);
#2574=ORIENTED_EDGE('',*,*,#1956,.T.);
#2575=ORIENTED_EDGE('',*,*,#1954,.T.);
#2576=ORIENTED_EDGE('',*,*,#1874,.F.);
#2577=ORIENTED_EDGE('',*,*,#1967,.T.);
#2578=ORIENTED_EDGE('',*,*,#1972,.T.);
#2579=ORIENTED_EDGE('',*,*,#1970,.T.);
#2580=ORIENTED_EDGE('',*,*,#1870,.F.);
#2581=ORIENTED_EDGE('',*,*,#1973,.T.);
#2582=ORIENTED_EDGE('',*,*,#1974,.F.);
#2583=ORIENTED_EDGE('',*,*,#1975,.F.);
#2584=ORIENTED_EDGE('',*,*,#1890,.F.);
#2585=ORIENTED_EDGE('',*,*,#1959,.T.);
#2586=ORIENTED_EDGE('',*,*,#1964,.T.);
#2587=ORIENTED_EDGE('',*,*,#1962,.T.);
#2588=ORIENTED_EDGE('',*,*,#1886,.F.);
#2589=ORIENTED_EDGE('',*,*,#1943,.T.);
#2590=ORIENTED_EDGE('',*,*,#1948,.T.);
#2591=ORIENTED_EDGE('',*,*,#1946,.T.);
#2592=ORIENTED_EDGE('',*,*,#1882,.F.);
#2593=ORIENTED_EDGE('',*,*,#1850,.F.);
#2594=ORIENTED_EDGE('',*,*,#1976,.F.);
#2595=ORIENTED_EDGE('',*,*,#1977,.F.);
#2596=ORIENTED_EDGE('',*,*,#1978,.F.);
#2597=ORIENTED_EDGE('',*,*,#1851,.F.);
#2598=ORIENTED_EDGE('',*,*,#1978,.T.);
#2599=ORIENTED_EDGE('',*,*,#1979,.F.);
#2600=ORIENTED_EDGE('',*,*,#1980,.F.);
#2601=ORIENTED_EDGE('',*,*,#1852,.F.);
#2602=ORIENTED_EDGE('',*,*,#1980,.T.);
#2603=ORIENTED_EDGE('',*,*,#1981,.F.);
#2604=ORIENTED_EDGE('',*,*,#1982,.F.);
#2605=ORIENTED_EDGE('',*,*,#1981,.T.);
#2606=ORIENTED_EDGE('',*,*,#1979,.T.);
#2607=ORIENTED_EDGE('',*,*,#1977,.T.);
#2608=ORIENTED_EDGE('',*,*,#1983,.F.);
#2609=ORIENTED_EDGE('',*,*,#1859,.F.);
#2610=ORIENTED_EDGE('',*,*,#1984,.T.);
#2611=ORIENTED_EDGE('',*,*,#1985,.F.);
#2612=ORIENTED_EDGE('',*,*,#1986,.F.);
#2613=ORIENTED_EDGE('',*,*,#1860,.F.);
#2614=ORIENTED_EDGE('',*,*,#1986,.T.);
#2615=ORIENTED_EDGE('',*,*,#1987,.F.);
#2616=ORIENTED_EDGE('',*,*,#1988,.F.);
#2617=ORIENTED_EDGE('',*,*,#1858,.F.);
#2618=ORIENTED_EDGE('',*,*,#1989,.F.);
#2619=ORIENTED_EDGE('',*,*,#1990,.F.);
#2620=ORIENTED_EDGE('',*,*,#1984,.F.);
#2621=ORIENTED_EDGE('',*,*,#1990,.T.);
#2622=ORIENTED_EDGE('',*,*,#1991,.F.);
#2623=ORIENTED_EDGE('',*,*,#1987,.T.);
#2624=ORIENTED_EDGE('',*,*,#1985,.T.);
#2625=ORIENTED_EDGE('',*,*,#1867,.F.);
#2626=ORIENTED_EDGE('',*,*,#1992,.T.);
#2627=ORIENTED_EDGE('',*,*,#1993,.F.);
#2628=ORIENTED_EDGE('',*,*,#1994,.F.);
#2629=ORIENTED_EDGE('',*,*,#1868,.F.);
#2630=ORIENTED_EDGE('',*,*,#1994,.T.);
#2631=ORIENTED_EDGE('',*,*,#1995,.F.);
#2632=ORIENTED_EDGE('',*,*,#1996,.F.);
#2633=ORIENTED_EDGE('',*,*,#1866,.F.);
#2634=ORIENTED_EDGE('',*,*,#1997,.F.);
#2635=ORIENTED_EDGE('',*,*,#1998,.F.);
#2636=ORIENTED_EDGE('',*,*,#1992,.F.);
#2637=ORIENTED_EDGE('',*,*,#1998,.T.);
#2638=ORIENTED_EDGE('',*,*,#1999,.F.);
#2639=ORIENTED_EDGE('',*,*,#1995,.T.);
#2640=ORIENTED_EDGE('',*,*,#1993,.T.);
#2641=ORIENTED_EDGE('',*,*,#1863,.F.);
#2642=ORIENTED_EDGE('',*,*,#2000,.T.);
#2643=ORIENTED_EDGE('',*,*,#2001,.F.);
#2644=ORIENTED_EDGE('',*,*,#2002,.F.);
#2645=ORIENTED_EDGE('',*,*,#1864,.F.);
#2646=ORIENTED_EDGE('',*,*,#2002,.T.);
#2647=ORIENTED_EDGE('',*,*,#2003,.F.);
#2648=ORIENTED_EDGE('',*,*,#2004,.F.);
#2649=ORIENTED_EDGE('',*,*,#1862,.F.);
#2650=ORIENTED_EDGE('',*,*,#2005,.F.);
#2651=ORIENTED_EDGE('',*,*,#2006,.F.);
#2652=ORIENTED_EDGE('',*,*,#2000,.F.);
#2653=ORIENTED_EDGE('',*,*,#2006,.T.);
#2654=ORIENTED_EDGE('',*,*,#2007,.F.);
#2655=ORIENTED_EDGE('',*,*,#2003,.T.);
#2656=ORIENTED_EDGE('',*,*,#2001,.T.);
#2657=ORIENTED_EDGE('',*,*,#1854,.F.);
#2658=ORIENTED_EDGE('',*,*,#2008,.F.);
#2659=ORIENTED_EDGE('',*,*,#2009,.F.);
#2660=ORIENTED_EDGE('',*,*,#2010,.F.);
#2661=ORIENTED_EDGE('',*,*,#1855,.F.);
#2662=ORIENTED_EDGE('',*,*,#2010,.T.);
#2663=ORIENTED_EDGE('',*,*,#2011,.F.);
#2664=ORIENTED_EDGE('',*,*,#2012,.F.);
#2665=ORIENTED_EDGE('',*,*,#1856,.F.);
#2666=ORIENTED_EDGE('',*,*,#2012,.T.);
#2667=ORIENTED_EDGE('',*,*,#2013,.F.);
#2668=ORIENTED_EDGE('',*,*,#2014,.F.);
#2669=ORIENTED_EDGE('',*,*,#2013,.T.);
#2670=ORIENTED_EDGE('',*,*,#2011,.T.);
#2671=ORIENTED_EDGE('',*,*,#2009,.T.);
#2672=ORIENTED_EDGE('',*,*,#2015,.F.);
#2673=ORIENTED_EDGE('',*,*,#1901,.F.);
#2674=ORIENTED_EDGE('',*,*,#2016,.T.);
#2675=ORIENTED_EDGE('',*,*,#2017,.T.);
#2676=ORIENTED_EDGE('',*,*,#2018,.F.);
#2677=ORIENTED_EDGE('',*,*,#1900,.F.);
#2678=ORIENTED_EDGE('',*,*,#2019,.F.);
#2679=ORIENTED_EDGE('',*,*,#2020,.T.);
#2680=ORIENTED_EDGE('',*,*,#2016,.F.);
#2681=ORIENTED_EDGE('',*,*,#1902,.F.);
#2682=ORIENTED_EDGE('',*,*,#2018,.T.);
#2683=ORIENTED_EDGE('',*,*,#2021,.T.);
#2684=ORIENTED_EDGE('',*,*,#2022,.F.);
#2685=ORIENTED_EDGE('',*,*,#2021,.F.);
#2686=ORIENTED_EDGE('',*,*,#2017,.F.);
#2687=ORIENTED_EDGE('',*,*,#2020,.F.);
#2688=ORIENTED_EDGE('',*,*,#2023,.F.);
#2689=ORIENTED_EDGE('',*,*,#1897,.F.);
#2690=ORIENTED_EDGE('',*,*,#2024,.T.);
#2691=ORIENTED_EDGE('',*,*,#2025,.T.);
#2692=ORIENTED_EDGE('',*,*,#2026,.F.);
#2693=ORIENTED_EDGE('',*,*,#1896,.F.);
#2694=ORIENTED_EDGE('',*,*,#2027,.F.);
#2695=ORIENTED_EDGE('',*,*,#2028,.T.);
#2696=ORIENTED_EDGE('',*,*,#2024,.F.);
#2697=ORIENTED_EDGE('',*,*,#1898,.F.);
#2698=ORIENTED_EDGE('',*,*,#2026,.T.);
#2699=ORIENTED_EDGE('',*,*,#2029,.T.);
#2700=ORIENTED_EDGE('',*,*,#2030,.F.);
#2701=ORIENTED_EDGE('',*,*,#2029,.F.);
#2702=ORIENTED_EDGE('',*,*,#2025,.F.);
#2703=ORIENTED_EDGE('',*,*,#2028,.F.);
#2704=ORIENTED_EDGE('',*,*,#2031,.F.);
#2705=ORIENTED_EDGE('',*,*,#1906,.F.);
#2706=ORIENTED_EDGE('',*,*,#2032,.T.);
#2707=ORIENTED_EDGE('',*,*,#2033,.T.);
#2708=ORIENTED_EDGE('',*,*,#2034,.F.);
#2709=ORIENTED_EDGE('',*,*,#1905,.F.);
#2710=ORIENTED_EDGE('',*,*,#2035,.T.);
#2711=ORIENTED_EDGE('',*,*,#2036,.T.);
#2712=ORIENTED_EDGE('',*,*,#2032,.F.);
#2713=ORIENTED_EDGE('',*,*,#1904,.F.);
#2714=ORIENTED_EDGE('',*,*,#2037,.F.);
#2715=ORIENTED_EDGE('',*,*,#2038,.T.);
#2716=ORIENTED_EDGE('',*,*,#2035,.F.);
#2717=ORIENTED_EDGE('',*,*,#2038,.F.);
#2718=ORIENTED_EDGE('',*,*,#2039,.F.);
#2719=ORIENTED_EDGE('',*,*,#2033,.F.);
#2720=ORIENTED_EDGE('',*,*,#2036,.F.);
#2721=ORIENTED_EDGE('',*,*,#1893,.F.);
#2722=ORIENTED_EDGE('',*,*,#2040,.T.);
#2723=ORIENTED_EDGE('',*,*,#2041,.T.);
#2724=ORIENTED_EDGE('',*,*,#2042,.F.);
#2725=ORIENTED_EDGE('',*,*,#1892,.F.);
#2726=ORIENTED_EDGE('',*,*,#2043,.F.);
#2727=ORIENTED_EDGE('',*,*,#2044,.T.);
#2728=ORIENTED_EDGE('',*,*,#2040,.F.);
#2729=ORIENTED_EDGE('',*,*,#1894,.F.);
#2730=ORIENTED_EDGE('',*,*,#2042,.T.);
#2731=ORIENTED_EDGE('',*,*,#2045,.T.);
#2732=ORIENTED_EDGE('',*,*,#2046,.F.);
#2733=ORIENTED_EDGE('',*,*,#2045,.F.);
#2734=ORIENTED_EDGE('',*,*,#2041,.F.);
#2735=ORIENTED_EDGE('',*,*,#2044,.F.);
#2736=ORIENTED_EDGE('',*,*,#2047,.F.);
#2737=ORIENTED_EDGE('',*,*,#1910,.F.);
#2738=ORIENTED_EDGE('',*,*,#2048,.T.);
#2739=ORIENTED_EDGE('',*,*,#2049,.T.);
#2740=ORIENTED_EDGE('',*,*,#2050,.F.);
#2741=ORIENTED_EDGE('',*,*,#1909,.F.);
#2742=ORIENTED_EDGE('',*,*,#2051,.T.);
#2743=ORIENTED_EDGE('',*,*,#2052,.T.);
#2744=ORIENTED_EDGE('',*,*,#2048,.F.);
#2745=ORIENTED_EDGE('',*,*,#1908,.F.);
#2746=ORIENTED_EDGE('',*,*,#2053,.F.);
#2747=ORIENTED_EDGE('',*,*,#2054,.T.);
#2748=ORIENTED_EDGE('',*,*,#2051,.F.);
#2749=ORIENTED_EDGE('',*,*,#2054,.F.);
#2750=ORIENTED_EDGE('',*,*,#2055,.F.);
#2751=ORIENTED_EDGE('',*,*,#2049,.F.);
#2752=ORIENTED_EDGE('',*,*,#2052,.F.);
#2753=ORIENTED_EDGE('',*,*,#2022,.T.);
#2754=ORIENTED_EDGE('',*,*,#2023,.T.);
#2755=ORIENTED_EDGE('',*,*,#2019,.T.);
#2756=ORIENTED_EDGE('',*,*,#1899,.F.);
#2757=ORIENTED_EDGE('',*,*,#2030,.T.);
#2758=ORIENTED_EDGE('',*,*,#2031,.T.);
#2759=ORIENTED_EDGE('',*,*,#2027,.T.);
#2760=ORIENTED_EDGE('',*,*,#1895,.F.);
#2761=ORIENTED_EDGE('',*,*,#2046,.T.);
#2762=ORIENTED_EDGE('',*,*,#2047,.T.);
#2763=ORIENTED_EDGE('',*,*,#2043,.T.);
#2764=ORIENTED_EDGE('',*,*,#1891,.F.);
#2765=ORIENTED_EDGE('',*,*,#1975,.T.);
#2766=ORIENTED_EDGE('',*,*,#2056,.F.);
#2767=ORIENTED_EDGE('',*,*,#1830,.F.);
#2768=ORIENTED_EDGE('',*,*,#1911,.F.);
#2769=ORIENTED_EDGE('',*,*,#2050,.T.);
#2770=ORIENTED_EDGE('',*,*,#2055,.T.);
#2771=ORIENTED_EDGE('',*,*,#2053,.T.);
#2772=ORIENTED_EDGE('',*,*,#1907,.F.);
#2773=ORIENTED_EDGE('',*,*,#2034,.T.);
#2774=ORIENTED_EDGE('',*,*,#2039,.T.);
#2775=ORIENTED_EDGE('',*,*,#2037,.T.);
#2776=ORIENTED_EDGE('',*,*,#1903,.F.);
#2777=ORIENTED_EDGE('',*,*,#2057,.F.);
#2778=ORIENTED_EDGE('',*,*,#2058,.T.);
#2779=ORIENTED_EDGE('',*,*,#2059,.T.);
#2780=ORIENTED_EDGE('',*,*,#2058,.F.);
#2781=ORIENTED_EDGE('',*,*,#2059,.F.);
#2782=ORIENTED_EDGE('',*,*,#1976,.T.);
#2783=ORIENTED_EDGE('',*,*,#1849,.F.);
#2784=ORIENTED_EDGE('',*,*,#1832,.T.);
#2785=ORIENTED_EDGE('',*,*,#2060,.F.);
#2786=ORIENTED_EDGE('',*,*,#1973,.F.);
#2787=ORIENTED_EDGE('',*,*,#1869,.F.);
#2788=ORIENTED_EDGE('',*,*,#1996,.T.);
#2789=ORIENTED_EDGE('',*,*,#1999,.T.);
#2790=ORIENTED_EDGE('',*,*,#1997,.T.);
#2791=ORIENTED_EDGE('',*,*,#1865,.F.);
#2792=ORIENTED_EDGE('',*,*,#2004,.T.);
#2793=ORIENTED_EDGE('',*,*,#2007,.T.);
#2794=ORIENTED_EDGE('',*,*,#2005,.T.);
#2795=ORIENTED_EDGE('',*,*,#1861,.F.);
#2796=ORIENTED_EDGE('',*,*,#1988,.T.);
#2797=ORIENTED_EDGE('',*,*,#1991,.T.);
#2798=ORIENTED_EDGE('',*,*,#1989,.T.);
#2799=ORIENTED_EDGE('',*,*,#1857,.F.);
#2800=ORIENTED_EDGE('',*,*,#2014,.T.);
#2801=ORIENTED_EDGE('',*,*,#2015,.T.);
#2802=ORIENTED_EDGE('',*,*,#2008,.T.);
#2803=ORIENTED_EDGE('',*,*,#1853,.F.);
#2804=ORIENTED_EDGE('',*,*,#1982,.T.);
#2805=ORIENTED_EDGE('',*,*,#1983,.T.);
#2806=ORIENTED_EDGE('',*,*,#1974,.T.);
#2807=ORIENTED_EDGE('',*,*,#2060,.T.);
#2808=ORIENTED_EDGE('',*,*,#1831,.T.);
#2809=ORIENTED_EDGE('',*,*,#2056,.T.);
#2810=ORIENTED_EDGE('',*,*,#2057,.T.);
#2811=ORIENTED_EDGE('',*,*,#2061,.F.);
#2812=ORIENTED_EDGE('',*,*,#2062,.T.);
#2813=ORIENTED_EDGE('',*,*,#2063,.F.);
#2814=ORIENTED_EDGE('',*,*,#2064,.F.);
#2815=ORIENTED_EDGE('',*,*,#2065,.F.);
#2816=ORIENTED_EDGE('',*,*,#2064,.T.);
#2817=ORIENTED_EDGE('',*,*,#2066,.F.);
#2818=ORIENTED_EDGE('',*,*,#2067,.F.);
#2819=ORIENTED_EDGE('',*,*,#2068,.F.);
#2820=ORIENTED_EDGE('',*,*,#2067,.T.);
#2821=ORIENTED_EDGE('',*,*,#2069,.F.);
#2822=ORIENTED_EDGE('',*,*,#2070,.F.);
#2823=ORIENTED_EDGE('',*,*,#2071,.F.);
#2824=ORIENTED_EDGE('',*,*,#2070,.T.);
#2825=ORIENTED_EDGE('',*,*,#2072,.F.);
#2826=ORIENTED_EDGE('',*,*,#2062,.F.);
#2827=ORIENTED_EDGE('',*,*,#2072,.T.);
#2828=ORIENTED_EDGE('',*,*,#2069,.T.);
#2829=ORIENTED_EDGE('',*,*,#2066,.T.);
#2830=ORIENTED_EDGE('',*,*,#2063,.T.);
#2831=ORIENTED_EDGE('',*,*,#2071,.T.);
#2832=ORIENTED_EDGE('',*,*,#2061,.T.);
#2833=ORIENTED_EDGE('',*,*,#2065,.T.);
#2834=ORIENTED_EDGE('',*,*,#2068,.T.);
#2835=ORIENTED_EDGE('',*,*,#2073,.F.);
#2836=ORIENTED_EDGE('',*,*,#2074,.T.);
#2837=ORIENTED_EDGE('',*,*,#2075,.F.);
#2838=ORIENTED_EDGE('',*,*,#2076,.F.);
#2839=ORIENTED_EDGE('',*,*,#2077,.F.);
#2840=ORIENTED_EDGE('',*,*,#2076,.T.);
#2841=ORIENTED_EDGE('',*,*,#2078,.F.);
#2842=ORIENTED_EDGE('',*,*,#2079,.F.);
#2843=ORIENTED_EDGE('',*,*,#2080,.F.);
#2844=ORIENTED_EDGE('',*,*,#2079,.T.);
#2845=ORIENTED_EDGE('',*,*,#2081,.F.);
#2846=ORIENTED_EDGE('',*,*,#2082,.F.);
#2847=ORIENTED_EDGE('',*,*,#2083,.F.);
#2848=ORIENTED_EDGE('',*,*,#2082,.T.);
#2849=ORIENTED_EDGE('',*,*,#2084,.F.);
#2850=ORIENTED_EDGE('',*,*,#2074,.F.);
#2851=ORIENTED_EDGE('',*,*,#2084,.T.);
#2852=ORIENTED_EDGE('',*,*,#2081,.T.);
#2853=ORIENTED_EDGE('',*,*,#2078,.T.);
#2854=ORIENTED_EDGE('',*,*,#2075,.T.);
#2855=ORIENTED_EDGE('',*,*,#2083,.T.);
#2856=ORIENTED_EDGE('',*,*,#2073,.T.);
#2857=ORIENTED_EDGE('',*,*,#2077,.T.);
#2858=ORIENTED_EDGE('',*,*,#2080,.T.);
#2859=ORIENTED_EDGE('',*,*,#2085,.T.);
#2860=ORIENTED_EDGE('',*,*,#2086,.T.);
#2861=ORIENTED_EDGE('',*,*,#2087,.F.);
#2862=ORIENTED_EDGE('',*,*,#2088,.F.);
#2863=ORIENTED_EDGE('',*,*,#2089,.T.);
#2864=ORIENTED_EDGE('',*,*,#2088,.T.);
#2865=ORIENTED_EDGE('',*,*,#2090,.F.);
#2866=ORIENTED_EDGE('',*,*,#2091,.F.);
#2867=ORIENTED_EDGE('',*,*,#2092,.F.);
#2868=ORIENTED_EDGE('',*,*,#2091,.T.);
#2869=ORIENTED_EDGE('',*,*,#2093,.F.);
#2870=ORIENTED_EDGE('',*,*,#2094,.F.);
#2871=ORIENTED_EDGE('',*,*,#2095,.T.);
#2872=ORIENTED_EDGE('',*,*,#2094,.T.);
#2873=ORIENTED_EDGE('',*,*,#2096,.F.);
#2874=ORIENTED_EDGE('',*,*,#2086,.F.);
#2875=ORIENTED_EDGE('',*,*,#2096,.T.);
#2876=ORIENTED_EDGE('',*,*,#2093,.T.);
#2877=ORIENTED_EDGE('',*,*,#2090,.T.);
#2878=ORIENTED_EDGE('',*,*,#2087,.T.);
#2879=ORIENTED_EDGE('',*,*,#2095,.F.);
#2880=ORIENTED_EDGE('',*,*,#2085,.F.);
#2881=ORIENTED_EDGE('',*,*,#2089,.F.);
#2882=ORIENTED_EDGE('',*,*,#2092,.T.);
#2883=ORIENTED_EDGE('',*,*,#2097,.T.);
#2884=ORIENTED_EDGE('',*,*,#2098,.T.);
#2885=ORIENTED_EDGE('',*,*,#2099,.F.);
#2886=ORIENTED_EDGE('',*,*,#2100,.F.);
#2887=ORIENTED_EDGE('',*,*,#2101,.T.);
#2888=ORIENTED_EDGE('',*,*,#2100,.T.);
#2889=ORIENTED_EDGE('',*,*,#2102,.F.);
#2890=ORIENTED_EDGE('',*,*,#2103,.F.);
#2891=ORIENTED_EDGE('',*,*,#2104,.F.);
#2892=ORIENTED_EDGE('',*,*,#2103,.T.);
#2893=ORIENTED_EDGE('',*,*,#2105,.F.);
#2894=ORIENTED_EDGE('',*,*,#2106,.F.);
#2895=ORIENTED_EDGE('',*,*,#2107,.T.);
#2896=ORIENTED_EDGE('',*,*,#2106,.T.);
#2897=ORIENTED_EDGE('',*,*,#2108,.F.);
#2898=ORIENTED_EDGE('',*,*,#2098,.F.);
#2899=ORIENTED_EDGE('',*,*,#2108,.T.);
#2900=ORIENTED_EDGE('',*,*,#2105,.T.);
#2901=ORIENTED_EDGE('',*,*,#2102,.T.);
#2902=ORIENTED_EDGE('',*,*,#2099,.T.);
#2903=ORIENTED_EDGE('',*,*,#2107,.F.);
#2904=ORIENTED_EDGE('',*,*,#2097,.F.);
#2905=ORIENTED_EDGE('',*,*,#2101,.F.);
#2906=ORIENTED_EDGE('',*,*,#2104,.T.);
#2907=ORIENTED_EDGE('',*,*,#2109,.F.);
#2908=ORIENTED_EDGE('',*,*,#2110,.T.);
#2909=ORIENTED_EDGE('',*,*,#2111,.F.);
#2910=ORIENTED_EDGE('',*,*,#2112,.F.);
#2911=ORIENTED_EDGE('',*,*,#2113,.T.);
#2912=ORIENTED_EDGE('',*,*,#2112,.T.);
#2913=ORIENTED_EDGE('',*,*,#2114,.F.);
#2914=ORIENTED_EDGE('',*,*,#2115,.F.);
#2915=ORIENTED_EDGE('',*,*,#2116,.T.);
#2916=ORIENTED_EDGE('',*,*,#2115,.T.);
#2917=ORIENTED_EDGE('',*,*,#2117,.F.);
#2918=ORIENTED_EDGE('',*,*,#2118,.F.);
#2919=ORIENTED_EDGE('',*,*,#2119,.T.);
#2920=ORIENTED_EDGE('',*,*,#2118,.T.);
#2921=ORIENTED_EDGE('',*,*,#2120,.F.);
#2922=ORIENTED_EDGE('',*,*,#2110,.F.);
#2923=ORIENTED_EDGE('',*,*,#2120,.T.);
#2924=ORIENTED_EDGE('',*,*,#2117,.T.);
#2925=ORIENTED_EDGE('',*,*,#2114,.T.);
#2926=ORIENTED_EDGE('',*,*,#2111,.T.);
#2927=ORIENTED_EDGE('',*,*,#2119,.F.);
#2928=ORIENTED_EDGE('',*,*,#2109,.T.);
#2929=ORIENTED_EDGE('',*,*,#2113,.F.);
#2930=ORIENTED_EDGE('',*,*,#2116,.F.);
#2931=ORIENTED_EDGE('',*,*,#2121,.T.);
#2932=ORIENTED_EDGE('',*,*,#2122,.T.);
#2933=ORIENTED_EDGE('',*,*,#2123,.F.);
#2934=ORIENTED_EDGE('',*,*,#2124,.F.);
#2935=ORIENTED_EDGE('',*,*,#2125,.T.);
#2936=ORIENTED_EDGE('',*,*,#2124,.T.);
#2937=ORIENTED_EDGE('',*,*,#2126,.F.);
#2938=ORIENTED_EDGE('',*,*,#2127,.F.);
#2939=ORIENTED_EDGE('',*,*,#2128,.T.);
#2940=ORIENTED_EDGE('',*,*,#2127,.T.);
#2941=ORIENTED_EDGE('',*,*,#2129,.F.);
#2942=ORIENTED_EDGE('',*,*,#2130,.F.);
#2943=ORIENTED_EDGE('',*,*,#2131,.T.);
#2944=ORIENTED_EDGE('',*,*,#2130,.T.);
#2945=ORIENTED_EDGE('',*,*,#2132,.F.);
#2946=ORIENTED_EDGE('',*,*,#2122,.F.);
#2947=ORIENTED_EDGE('',*,*,#2132,.T.);
#2948=ORIENTED_EDGE('',*,*,#2129,.T.);
#2949=ORIENTED_EDGE('',*,*,#2126,.T.);
#2950=ORIENTED_EDGE('',*,*,#2123,.T.);
#2951=ORIENTED_EDGE('',*,*,#2131,.F.);
#2952=ORIENTED_EDGE('',*,*,#2121,.F.);
#2953=ORIENTED_EDGE('',*,*,#2125,.F.);
#2954=ORIENTED_EDGE('',*,*,#2128,.F.);
#2955=ORIENTED_EDGE('',*,*,#2133,.T.);
#2956=ORIENTED_EDGE('',*,*,#2134,.T.);
#2957=ORIENTED_EDGE('',*,*,#2135,.F.);
#2958=ORIENTED_EDGE('',*,*,#2136,.F.);
#2959=ORIENTED_EDGE('',*,*,#2137,.T.);
#2960=ORIENTED_EDGE('',*,*,#2136,.T.);
#2961=ORIENTED_EDGE('',*,*,#2138,.F.);
#2962=ORIENTED_EDGE('',*,*,#2139,.F.);
#2963=ORIENTED_EDGE('',*,*,#2140,.T.);
#2964=ORIENTED_EDGE('',*,*,#2139,.T.);
#2965=ORIENTED_EDGE('',*,*,#2141,.F.);
#2966=ORIENTED_EDGE('',*,*,#2142,.F.);
#2967=ORIENTED_EDGE('',*,*,#2143,.T.);
#2968=ORIENTED_EDGE('',*,*,#2142,.T.);
#2969=ORIENTED_EDGE('',*,*,#2144,.F.);
#2970=ORIENTED_EDGE('',*,*,#2134,.F.);
#2971=ORIENTED_EDGE('',*,*,#2144,.T.);
#2972=ORIENTED_EDGE('',*,*,#2141,.T.);
#2973=ORIENTED_EDGE('',*,*,#2138,.T.);
#2974=ORIENTED_EDGE('',*,*,#2135,.T.);
#2975=ORIENTED_EDGE('',*,*,#2143,.F.);
#2976=ORIENTED_EDGE('',*,*,#2133,.F.);
#2977=ORIENTED_EDGE('',*,*,#2137,.F.);
#2978=ORIENTED_EDGE('',*,*,#2140,.F.);
#2979=ORIENTED_EDGE('',*,*,#2145,.F.);
#2980=ORIENTED_EDGE('',*,*,#2146,.T.);
#2981=ORIENTED_EDGE('',*,*,#2147,.F.);
#2982=ORIENTED_EDGE('',*,*,#2148,.F.);
#2983=ORIENTED_EDGE('',*,*,#2149,.F.);
#2984=ORIENTED_EDGE('',*,*,#2148,.T.);
#2985=ORIENTED_EDGE('',*,*,#2150,.F.);
#2986=ORIENTED_EDGE('',*,*,#2151,.F.);
#2987=ORIENTED_EDGE('',*,*,#2152,.F.);
#2988=ORIENTED_EDGE('',*,*,#2151,.T.);
#2989=ORIENTED_EDGE('',*,*,#2153,.F.);
#2990=ORIENTED_EDGE('',*,*,#2154,.F.);
#2991=ORIENTED_EDGE('',*,*,#2155,.F.);
#2992=ORIENTED_EDGE('',*,*,#2154,.T.);
#2993=ORIENTED_EDGE('',*,*,#2156,.F.);
#2994=ORIENTED_EDGE('',*,*,#2146,.F.);
#2995=ORIENTED_EDGE('',*,*,#2156,.T.);
#2996=ORIENTED_EDGE('',*,*,#2153,.T.);
#2997=ORIENTED_EDGE('',*,*,#2150,.T.);
#2998=ORIENTED_EDGE('',*,*,#2147,.T.);
#2999=ORIENTED_EDGE('',*,*,#2155,.T.);
#3000=ORIENTED_EDGE('',*,*,#2145,.T.);
#3001=ORIENTED_EDGE('',*,*,#2149,.T.);
#3002=ORIENTED_EDGE('',*,*,#2152,.T.);
#3003=ORIENTED_EDGE('',*,*,#2157,.F.);
#3004=ORIENTED_EDGE('',*,*,#2158,.T.);
#3005=ORIENTED_EDGE('',*,*,#2159,.F.);
#3006=ORIENTED_EDGE('',*,*,#2160,.F.);
#3007=ORIENTED_EDGE('',*,*,#2161,.F.);
#3008=ORIENTED_EDGE('',*,*,#2160,.T.);
#3009=ORIENTED_EDGE('',*,*,#2162,.F.);
#3010=ORIENTED_EDGE('',*,*,#2163,.F.);
#3011=ORIENTED_EDGE('',*,*,#2164,.F.);
#3012=ORIENTED_EDGE('',*,*,#2163,.T.);
#3013=ORIENTED_EDGE('',*,*,#2165,.F.);
#3014=ORIENTED_EDGE('',*,*,#2166,.F.);
#3015=ORIENTED_EDGE('',*,*,#2167,.F.);
#3016=ORIENTED_EDGE('',*,*,#2166,.T.);
#3017=ORIENTED_EDGE('',*,*,#2168,.F.);
#3018=ORIENTED_EDGE('',*,*,#2158,.F.);
#3019=ORIENTED_EDGE('',*,*,#2168,.T.);
#3020=ORIENTED_EDGE('',*,*,#2165,.T.);
#3021=ORIENTED_EDGE('',*,*,#2162,.T.);
#3022=ORIENTED_EDGE('',*,*,#2159,.T.);
#3023=ORIENTED_EDGE('',*,*,#2167,.T.);
#3024=ORIENTED_EDGE('',*,*,#2157,.T.);
#3025=ORIENTED_EDGE('',*,*,#2161,.T.);
#3026=ORIENTED_EDGE('',*,*,#2164,.T.);
#3027=ORIENTED_EDGE('',*,*,#2169,.F.);
#3028=ORIENTED_EDGE('',*,*,#2170,.T.);
#3029=ORIENTED_EDGE('',*,*,#2171,.F.);
#3030=ORIENTED_EDGE('',*,*,#2172,.F.);
#3031=ORIENTED_EDGE('',*,*,#2173,.F.);
#3032=ORIENTED_EDGE('',*,*,#2172,.T.);
#3033=ORIENTED_EDGE('',*,*,#2174,.F.);
#3034=ORIENTED_EDGE('',*,*,#2175,.F.);
#3035=ORIENTED_EDGE('',*,*,#2176,.F.);
#3036=ORIENTED_EDGE('',*,*,#2175,.T.);
#3037=ORIENTED_EDGE('',*,*,#2177,.F.);
#3038=ORIENTED_EDGE('',*,*,#2178,.F.);
#3039=ORIENTED_EDGE('',*,*,#2179,.F.);
#3040=ORIENTED_EDGE('',*,*,#2178,.T.);
#3041=ORIENTED_EDGE('',*,*,#2180,.F.);
#3042=ORIENTED_EDGE('',*,*,#2170,.F.);
#3043=ORIENTED_EDGE('',*,*,#2180,.T.);
#3044=ORIENTED_EDGE('',*,*,#2177,.T.);
#3045=ORIENTED_EDGE('',*,*,#2174,.T.);
#3046=ORIENTED_EDGE('',*,*,#2171,.T.);
#3047=ORIENTED_EDGE('',*,*,#2179,.T.);
#3048=ORIENTED_EDGE('',*,*,#2169,.T.);
#3049=ORIENTED_EDGE('',*,*,#2173,.T.);
#3050=ORIENTED_EDGE('',*,*,#2176,.T.);
#3051=ORIENTED_EDGE('',*,*,#2181,.F.);
#3052=ORIENTED_EDGE('',*,*,#2182,.T.);
#3053=ORIENTED_EDGE('',*,*,#2183,.F.);
#3054=ORIENTED_EDGE('',*,*,#2184,.F.);
#3055=ORIENTED_EDGE('',*,*,#2185,.F.);
#3056=ORIENTED_EDGE('',*,*,#2184,.T.);
#3057=ORIENTED_EDGE('',*,*,#2186,.F.);
#3058=ORIENTED_EDGE('',*,*,#2187,.F.);
#3059=ORIENTED_EDGE('',*,*,#2188,.F.);
#3060=ORIENTED_EDGE('',*,*,#2187,.T.);
#3061=ORIENTED_EDGE('',*,*,#2189,.F.);
#3062=ORIENTED_EDGE('',*,*,#2190,.F.);
#3063=ORIENTED_EDGE('',*,*,#2191,.F.);
#3064=ORIENTED_EDGE('',*,*,#2190,.T.);
#3065=ORIENTED_EDGE('',*,*,#2192,.F.);
#3066=ORIENTED_EDGE('',*,*,#2182,.F.);
#3067=ORIENTED_EDGE('',*,*,#2192,.T.);
#3068=ORIENTED_EDGE('',*,*,#2189,.T.);
#3069=ORIENTED_EDGE('',*,*,#2186,.T.);
#3070=ORIENTED_EDGE('',*,*,#2183,.T.);
#3071=ORIENTED_EDGE('',*,*,#2191,.T.);
#3072=ORIENTED_EDGE('',*,*,#2181,.T.);
#3073=ORIENTED_EDGE('',*,*,#2185,.T.);
#3074=ORIENTED_EDGE('',*,*,#2188,.T.);
#3075=ORIENTED_EDGE('',*,*,#2193,.F.);
#3076=ORIENTED_EDGE('',*,*,#2194,.T.);
#3077=ORIENTED_EDGE('',*,*,#2195,.F.);
#3078=ORIENTED_EDGE('',*,*,#2196,.F.);
#3079=ORIENTED_EDGE('',*,*,#2197,.F.);
#3080=ORIENTED_EDGE('',*,*,#2196,.T.);
#3081=ORIENTED_EDGE('',*,*,#2198,.F.);
#3082=ORIENTED_EDGE('',*,*,#2199,.F.);
#3083=ORIENTED_EDGE('',*,*,#2200,.F.);
#3084=ORIENTED_EDGE('',*,*,#2199,.T.);
#3085=ORIENTED_EDGE('',*,*,#2201,.F.);
#3086=ORIENTED_EDGE('',*,*,#2202,.F.);
#3087=ORIENTED_EDGE('',*,*,#2203,.F.);
#3088=ORIENTED_EDGE('',*,*,#2202,.T.);
#3089=ORIENTED_EDGE('',*,*,#2204,.F.);
#3090=ORIENTED_EDGE('',*,*,#2194,.F.);
#3091=ORIENTED_EDGE('',*,*,#2204,.T.);
#3092=ORIENTED_EDGE('',*,*,#2201,.T.);
#3093=ORIENTED_EDGE('',*,*,#2198,.T.);
#3094=ORIENTED_EDGE('',*,*,#2195,.T.);
#3095=ORIENTED_EDGE('',*,*,#2203,.T.);
#3096=ORIENTED_EDGE('',*,*,#2193,.T.);
#3097=ORIENTED_EDGE('',*,*,#2197,.T.);
#3098=ORIENTED_EDGE('',*,*,#2200,.T.);
#3099=ORIENTED_EDGE('',*,*,#2205,.T.);
#3100=ORIENTED_EDGE('',*,*,#2206,.T.);
#3101=ORIENTED_EDGE('',*,*,#2207,.F.);
#3102=ORIENTED_EDGE('',*,*,#2208,.F.);
#3103=ORIENTED_EDGE('',*,*,#2209,.T.);
#3104=ORIENTED_EDGE('',*,*,#2208,.T.);
#3105=ORIENTED_EDGE('',*,*,#2210,.F.);
#3106=ORIENTED_EDGE('',*,*,#2211,.F.);
#3107=ORIENTED_EDGE('',*,*,#2212,.T.);
#3108=ORIENTED_EDGE('',*,*,#2211,.T.);
#3109=ORIENTED_EDGE('',*,*,#2213,.F.);
#3110=ORIENTED_EDGE('',*,*,#2214,.F.);
#3111=ORIENTED_EDGE('',*,*,#2215,.T.);
#3112=ORIENTED_EDGE('',*,*,#2214,.T.);
#3113=ORIENTED_EDGE('',*,*,#2216,.F.);
#3114=ORIENTED_EDGE('',*,*,#2206,.F.);
#3115=ORIENTED_EDGE('',*,*,#2216,.T.);
#3116=ORIENTED_EDGE('',*,*,#2213,.T.);
#3117=ORIENTED_EDGE('',*,*,#2210,.T.);
#3118=ORIENTED_EDGE('',*,*,#2207,.T.);
#3119=ORIENTED_EDGE('',*,*,#2215,.F.);
#3120=ORIENTED_EDGE('',*,*,#2205,.F.);
#3121=ORIENTED_EDGE('',*,*,#2209,.F.);
#3122=ORIENTED_EDGE('',*,*,#2212,.F.);
#3123=ORIENTED_EDGE('',*,*,#2217,.T.);
#3124=ORIENTED_EDGE('',*,*,#2218,.T.);
#3125=ORIENTED_EDGE('',*,*,#2219,.F.);
#3126=ORIENTED_EDGE('',*,*,#2220,.F.);
#3127=ORIENTED_EDGE('',*,*,#2221,.T.);
#3128=ORIENTED_EDGE('',*,*,#2220,.T.);
#3129=ORIENTED_EDGE('',*,*,#2222,.F.);
#3130=ORIENTED_EDGE('',*,*,#2223,.F.);
#3131=ORIENTED_EDGE('',*,*,#2224,.T.);
#3132=ORIENTED_EDGE('',*,*,#2223,.T.);
#3133=ORIENTED_EDGE('',*,*,#2225,.F.);
#3134=ORIENTED_EDGE('',*,*,#2226,.F.);
#3135=ORIENTED_EDGE('',*,*,#2227,.T.);
#3136=ORIENTED_EDGE('',*,*,#2226,.T.);
#3137=ORIENTED_EDGE('',*,*,#2228,.F.);
#3138=ORIENTED_EDGE('',*,*,#2218,.F.);
#3139=ORIENTED_EDGE('',*,*,#2228,.T.);
#3140=ORIENTED_EDGE('',*,*,#2225,.T.);
#3141=ORIENTED_EDGE('',*,*,#2222,.T.);
#3142=ORIENTED_EDGE('',*,*,#2219,.T.);
#3143=ORIENTED_EDGE('',*,*,#2227,.F.);
#3144=ORIENTED_EDGE('',*,*,#2217,.F.);
#3145=ORIENTED_EDGE('',*,*,#2221,.F.);
#3146=ORIENTED_EDGE('',*,*,#2224,.F.);
#3147=ORIENTED_EDGE('',*,*,#2229,.T.);
#3148=ORIENTED_EDGE('',*,*,#2230,.T.);
#3149=ORIENTED_EDGE('',*,*,#2231,.F.);
#3150=ORIENTED_EDGE('',*,*,#2232,.F.);
#3151=ORIENTED_EDGE('',*,*,#2233,.T.);
#3152=ORIENTED_EDGE('',*,*,#2232,.T.);
#3153=ORIENTED_EDGE('',*,*,#2234,.F.);
#3154=ORIENTED_EDGE('',*,*,#2235,.F.);
#3155=ORIENTED_EDGE('',*,*,#2236,.T.);
#3156=ORIENTED_EDGE('',*,*,#2235,.T.);
#3157=ORIENTED_EDGE('',*,*,#2237,.F.);
#3158=ORIENTED_EDGE('',*,*,#2238,.F.);
#3159=ORIENTED_EDGE('',*,*,#2239,.T.);
#3160=ORIENTED_EDGE('',*,*,#2238,.T.);
#3161=ORIENTED_EDGE('',*,*,#2240,.F.);
#3162=ORIENTED_EDGE('',*,*,#2230,.F.);
#3163=ORIENTED_EDGE('',*,*,#2240,.T.);
#3164=ORIENTED_EDGE('',*,*,#2237,.T.);
#3165=ORIENTED_EDGE('',*,*,#2234,.T.);
#3166=ORIENTED_EDGE('',*,*,#2231,.T.);
#3167=ORIENTED_EDGE('',*,*,#2239,.F.);
#3168=ORIENTED_EDGE('',*,*,#2229,.F.);
#3169=ORIENTED_EDGE('',*,*,#2233,.F.);
#3170=ORIENTED_EDGE('',*,*,#2236,.F.);
#3171=ORIENTED_EDGE('',*,*,#2241,.F.);
#3172=ORIENTED_EDGE('',*,*,#2242,.T.);
#3173=ORIENTED_EDGE('',*,*,#2243,.F.);
#3174=ORIENTED_EDGE('',*,*,#2244,.F.);
#3175=ORIENTED_EDGE('',*,*,#2245,.T.);
#3176=ORIENTED_EDGE('',*,*,#2244,.T.);
#3177=ORIENTED_EDGE('',*,*,#2246,.F.);
#3178=ORIENTED_EDGE('',*,*,#2247,.F.);
#3179=ORIENTED_EDGE('',*,*,#2248,.T.);
#3180=ORIENTED_EDGE('',*,*,#2247,.T.);
#3181=ORIENTED_EDGE('',*,*,#2249,.F.);
#3182=ORIENTED_EDGE('',*,*,#2250,.F.);
#3183=ORIENTED_EDGE('',*,*,#2251,.T.);
#3184=ORIENTED_EDGE('',*,*,#2250,.T.);
#3185=ORIENTED_EDGE('',*,*,#2252,.F.);
#3186=ORIENTED_EDGE('',*,*,#2242,.F.);
#3187=ORIENTED_EDGE('',*,*,#2252,.T.);
#3188=ORIENTED_EDGE('',*,*,#2249,.T.);
#3189=ORIENTED_EDGE('',*,*,#2246,.T.);
#3190=ORIENTED_EDGE('',*,*,#2243,.T.);
#3191=ORIENTED_EDGE('',*,*,#2251,.F.);
#3192=ORIENTED_EDGE('',*,*,#2241,.T.);
#3193=ORIENTED_EDGE('',*,*,#2245,.F.);
#3194=ORIENTED_EDGE('',*,*,#2248,.F.);
#3195=ORIENTED_EDGE('',*,*,#2253,.T.);
#3196=ORIENTED_EDGE('',*,*,#2254,.T.);
#3197=ORIENTED_EDGE('',*,*,#2255,.F.);
#3198=ORIENTED_EDGE('',*,*,#2256,.F.);
#3199=ORIENTED_EDGE('',*,*,#2257,.T.);
#3200=ORIENTED_EDGE('',*,*,#2256,.T.);
#3201=ORIENTED_EDGE('',*,*,#2258,.F.);
#3202=ORIENTED_EDGE('',*,*,#2259,.F.);
#3203=ORIENTED_EDGE('',*,*,#2260,.F.);
#3204=ORIENTED_EDGE('',*,*,#2259,.T.);
#3205=ORIENTED_EDGE('',*,*,#2261,.F.);
#3206=ORIENTED_EDGE('',*,*,#2262,.F.);
#3207=ORIENTED_EDGE('',*,*,#2263,.T.);
#3208=ORIENTED_EDGE('',*,*,#2262,.T.);
#3209=ORIENTED_EDGE('',*,*,#2264,.F.);
#3210=ORIENTED_EDGE('',*,*,#2254,.F.);
#3211=ORIENTED_EDGE('',*,*,#2264,.T.);
#3212=ORIENTED_EDGE('',*,*,#2261,.T.);
#3213=ORIENTED_EDGE('',*,*,#2258,.T.);
#3214=ORIENTED_EDGE('',*,*,#2255,.T.);
#3215=ORIENTED_EDGE('',*,*,#2263,.F.);
#3216=ORIENTED_EDGE('',*,*,#2253,.F.);
#3217=ORIENTED_EDGE('',*,*,#2257,.F.);
#3218=ORIENTED_EDGE('',*,*,#2260,.T.);
#3219=ORIENTED_EDGE('',*,*,#2265,.F.);
#3220=ORIENTED_EDGE('',*,*,#2266,.T.);
#3221=ORIENTED_EDGE('',*,*,#2267,.F.);
#3222=ORIENTED_EDGE('',*,*,#2268,.F.);
#3223=ORIENTED_EDGE('',*,*,#2269,.F.);
#3224=ORIENTED_EDGE('',*,*,#2268,.T.);
#3225=ORIENTED_EDGE('',*,*,#2270,.F.);
#3226=ORIENTED_EDGE('',*,*,#2271,.F.);
#3227=ORIENTED_EDGE('',*,*,#2272,.F.);
#3228=ORIENTED_EDGE('',*,*,#2271,.T.);
#3229=ORIENTED_EDGE('',*,*,#2273,.F.);
#3230=ORIENTED_EDGE('',*,*,#2274,.F.);
#3231=ORIENTED_EDGE('',*,*,#2275,.F.);
#3232=ORIENTED_EDGE('',*,*,#2274,.T.);
#3233=ORIENTED_EDGE('',*,*,#2276,.F.);
#3234=ORIENTED_EDGE('',*,*,#2266,.F.);
#3235=ORIENTED_EDGE('',*,*,#2276,.T.);
#3236=ORIENTED_EDGE('',*,*,#2273,.T.);
#3237=ORIENTED_EDGE('',*,*,#2270,.T.);
#3238=ORIENTED_EDGE('',*,*,#2267,.T.);
#3239=ORIENTED_EDGE('',*,*,#2275,.T.);
#3240=ORIENTED_EDGE('',*,*,#2265,.T.);
#3241=ORIENTED_EDGE('',*,*,#2269,.T.);
#3242=ORIENTED_EDGE('',*,*,#2272,.T.);
#3243=ORIENTED_EDGE('',*,*,#2277,.F.);
#3244=ORIENTED_EDGE('',*,*,#2278,.T.);
#3245=ORIENTED_EDGE('',*,*,#2279,.F.);
#3246=ORIENTED_EDGE('',*,*,#2280,.F.);
#3247=ORIENTED_EDGE('',*,*,#2281,.F.);
#3248=ORIENTED_EDGE('',*,*,#2280,.T.);
#3249=ORIENTED_EDGE('',*,*,#2282,.F.);
#3250=ORIENTED_EDGE('',*,*,#2283,.F.);
#3251=ORIENTED_EDGE('',*,*,#2284,.F.);
#3252=ORIENTED_EDGE('',*,*,#2283,.T.);
#3253=ORIENTED_EDGE('',*,*,#2285,.F.);
#3254=ORIENTED_EDGE('',*,*,#2286,.F.);
#3255=ORIENTED_EDGE('',*,*,#2287,.F.);
#3256=ORIENTED_EDGE('',*,*,#2286,.T.);
#3257=ORIENTED_EDGE('',*,*,#2288,.F.);
#3258=ORIENTED_EDGE('',*,*,#2278,.F.);
#3259=ORIENTED_EDGE('',*,*,#2288,.T.);
#3260=ORIENTED_EDGE('',*,*,#2285,.T.);
#3261=ORIENTED_EDGE('',*,*,#2282,.T.);
#3262=ORIENTED_EDGE('',*,*,#2279,.T.);
#3263=ORIENTED_EDGE('',*,*,#2287,.T.);
#3264=ORIENTED_EDGE('',*,*,#2277,.T.);
#3265=ORIENTED_EDGE('',*,*,#2281,.T.);
#3266=ORIENTED_EDGE('',*,*,#2284,.T.);
#3267=ORIENTED_EDGE('',*,*,#2289,.F.);
#3268=ORIENTED_EDGE('',*,*,#2290,.T.);
#3269=ORIENTED_EDGE('',*,*,#2291,.F.);
#3270=ORIENTED_EDGE('',*,*,#2292,.F.);
#3271=ORIENTED_EDGE('',*,*,#2293,.F.);
#3272=ORIENTED_EDGE('',*,*,#2292,.T.);
#3273=ORIENTED_EDGE('',*,*,#2294,.F.);
#3274=ORIENTED_EDGE('',*,*,#2295,.F.);
#3275=ORIENTED_EDGE('',*,*,#2296,.F.);
#3276=ORIENTED_EDGE('',*,*,#2295,.T.);
#3277=ORIENTED_EDGE('',*,*,#2297,.F.);
#3278=ORIENTED_EDGE('',*,*,#2298,.F.);
#3279=ORIENTED_EDGE('',*,*,#2299,.F.);
#3280=ORIENTED_EDGE('',*,*,#2298,.T.);
#3281=ORIENTED_EDGE('',*,*,#2300,.F.);
#3282=ORIENTED_EDGE('',*,*,#2290,.F.);
#3283=ORIENTED_EDGE('',*,*,#2300,.T.);
#3284=ORIENTED_EDGE('',*,*,#2297,.T.);
#3285=ORIENTED_EDGE('',*,*,#2294,.T.);
#3286=ORIENTED_EDGE('',*,*,#2291,.T.);
#3287=ORIENTED_EDGE('',*,*,#2299,.T.);
#3288=ORIENTED_EDGE('',*,*,#2289,.T.);
#3289=ORIENTED_EDGE('',*,*,#2293,.T.);
#3290=ORIENTED_EDGE('',*,*,#2296,.T.);
#3291=PLANE('',#3752);
#3292=PLANE('',#3753);
#3293=PLANE('',#3754);
#3294=PLANE('',#3755);
#3295=PLANE('',#3756);
#3296=PLANE('',#3757);
#3297=PLANE('',#3758);
#3298=PLANE('',#3759);
#3299=PLANE('',#3760);
#3300=PLANE('',#3761);
#3301=PLANE('',#3762);
#3302=PLANE('',#3763);
#3303=PLANE('',#3764);
#3304=PLANE('',#3765);
#3305=PLANE('',#3766);
#3306=PLANE('',#3767);
#3307=PLANE('',#3768);
#3308=PLANE('',#3769);
#3309=PLANE('',#3770);
#3310=PLANE('',#3771);
#3311=PLANE('',#3772);
#3312=PLANE('',#3773);
#3313=PLANE('',#3774);
#3314=PLANE('',#3775);
#3315=PLANE('',#3776);
#3316=PLANE('',#3777);
#3317=PLANE('',#3778);
#3318=PLANE('',#3779);
#3319=PLANE('',#3780);
#3320=PLANE('',#3781);
#3321=PLANE('',#3782);
#3322=PLANE('',#3783);
#3323=PLANE('',#3784);
#3324=PLANE('',#3785);
#3325=PLANE('',#3786);
#3326=PLANE('',#3787);
#3327=PLANE('',#3788);
#3328=PLANE('',#3789);
#3329=PLANE('',#3790);
#3330=PLANE('',#3791);
#3331=PLANE('',#3792);
#3332=PLANE('',#3793);
#3333=PLANE('',#3794);
#3334=PLANE('',#3795);
#3335=PLANE('',#3796);
#3336=PLANE('',#3797);
#3337=PLANE('',#3798);
#3338=PLANE('',#3799);
#3339=PLANE('',#3800);
#3340=PLANE('',#3801);
#3341=PLANE('',#3802);
#3342=PLANE('',#3803);
#3343=PLANE('',#3804);
#3344=PLANE('',#3805);
#3345=PLANE('',#3806);
#3346=PLANE('',#3807);
#3347=PLANE('',#3808);
#3348=PLANE('',#3809);
#3349=PLANE('',#3810);
#3350=PLANE('',#3811);
#3351=PLANE('',#3812);
#3352=PLANE('',#3813);
#3353=PLANE('',#3814);
#3354=PLANE('',#3815);
#3355=PLANE('',#3816);
#3356=PLANE('',#3817);
#3357=PLANE('',#3818);
#3358=PLANE('',#3819);
#3359=PLANE('',#3820);
#3360=PLANE('',#3821);
#3361=PLANE('',#3822);
#3362=PLANE('',#3823);
#3363=PLANE('',#3824);
#3364=PLANE('',#3825);
#3365=PLANE('',#3826);
#3366=PLANE('',#3827);
#3367=PLANE('',#3828);
#3368=PLANE('',#3829);
#3369=PLANE('',#3830);
#3370=PLANE('',#3831);
#3371=PLANE('',#3832);
#3372=PLANE('',#3833);
#3373=PLANE('',#3834);
#3374=PLANE('',#3835);
#3375=PLANE('',#3839);
#3376=PLANE('',#3840);
#3377=PLANE('',#3841);
#3378=PLANE('',#3843);
#3379=PLANE('',#3844);
#3380=PLANE('',#3845);
#3381=PLANE('',#3846);
#3382=PLANE('',#3847);
#3383=PLANE('',#3848);
#3384=PLANE('',#3849);
#3385=PLANE('',#3850);
#3386=PLANE('',#3851);
#3387=PLANE('',#3852);
#3388=PLANE('',#3853);
#3389=PLANE('',#3854);
#3390=PLANE('',#3855);
#3391=PLANE('',#3856);
#3392=PLANE('',#3857);
#3393=PLANE('',#3858);
#3394=PLANE('',#3859);
#3395=PLANE('',#3860);
#3396=PLANE('',#3861);
#3397=PLANE('',#3862);
#3398=PLANE('',#3863);
#3399=PLANE('',#3864);
#3400=PLANE('',#3865);
#3401=PLANE('',#3866);
#3402=PLANE('',#3867);
#3403=PLANE('',#3868);
#3404=PLANE('',#3869);
#3405=PLANE('',#3870);
#3406=PLANE('',#3871);
#3407=PLANE('',#3872);
#3408=PLANE('',#3873);
#3409=PLANE('',#3874);
#3410=PLANE('',#3875);
#3411=PLANE('',#3876);
#3412=PLANE('',#3877);
#3413=PLANE('',#3878);
#3414=PLANE('',#3879);
#3415=PLANE('',#3880);
#3416=PLANE('',#3881);
#3417=PLANE('',#3882);
#3418=PLANE('',#3883);
#3419=PLANE('',#3884);
#3420=PLANE('',#3885);
#3421=PLANE('',#3886);
#3422=PLANE('',#3887);
#3423=PLANE('',#3888);
#3424=PLANE('',#3889);
#3425=PLANE('',#3890);
#3426=PLANE('',#3891);
#3427=PLANE('',#3892);
#3428=PLANE('',#3893);
#3429=PLANE('',#3894);
#3430=PLANE('',#3895);
#3431=PLANE('',#3896);
#3432=PLANE('',#3897);
#3433=PLANE('',#3898);
#3434=PLANE('',#3899);
#3435=PLANE('',#3900);
#3436=PLANE('',#3901);
#3437=PLANE('',#3902);
#3438=PLANE('',#3903);
#3439=PLANE('',#3904);
#3440=PLANE('',#3905);
#3441=PLANE('',#3906);
#3442=PLANE('',#3907);
#3443=PLANE('',#3908);
#3444=PLANE('',#3909);
#3445=PLANE('',#3910);
#3446=PLANE('',#3911);
#3447=PLANE('',#3912);
#3448=PLANE('',#3913);
#3449=PLANE('',#3914);
#3450=PLANE('',#3915);
#3451=PLANE('',#3916);
#3452=PLANE('',#3917);
#3453=PLANE('',#3918);
#3454=PLANE('',#3919);
#3455=PLANE('',#3920);
#3456=PLANE('',#3921);
#3457=PLANE('',#3922);
#3458=PLANE('',#3923);
#3459=PLANE('',#3924);
#3460=PLANE('',#3925);
#3461=PLANE('',#3926);
#3462=PLANE('',#3927);
#3463=PLANE('',#3928);
#3464=PLANE('',#3929);
#3465=PLANE('',#3930);
#3466=PLANE('',#3931);
#3467=PLANE('',#3932);
#3468=PLANE('',#3933);
#3469=PLANE('',#3934);
#3470=PLANE('',#3935);
#3471=PLANE('',#3936);
#3472=PLANE('',#3937);
#3473=PLANE('',#3938);
#3474=PLANE('',#3939);
#3475=PLANE('',#3940);
#3476=PLANE('',#3941);
#3477=PLANE('',#3942);
#3478=PLANE('',#3943);
#3479=PLANE('',#3944);
#3480=PLANE('',#3945);
#3481=PLANE('',#3946);
#3482=PLANE('',#3947);
#3483=PLANE('',#3948);
#3484=PLANE('',#3949);
#3485=PLANE('',#3950);
#3486=PLANE('',#3951);
#3487=PLANE('',#3952);
#3488=PLANE('',#3953);
#3489=PLANE('',#3954);
#3490=PLANE('',#3955);
#3491=PLANE('',#3956);
#3492=PLANE('',#3957);
#3493=PLANE('',#3958);
#3494=PLANE('',#3959);
#3495=PLANE('',#3960);
#3496=PLANE('',#3961);
#3497=PLANE('',#3962);
#3498=ADVANCED_FACE('',(#73),#3291,.T.);
#3499=ADVANCED_FACE('',(#74),#3292,.T.);
#3500=ADVANCED_FACE('',(#75),#3293,.T.);
#3501=ADVANCED_FACE('',(#76),#3294,.T.);
#3502=ADVANCED_FACE('',(#77),#3295,.T.);
#3503=ADVANCED_FACE('',(#78),#3296,.T.);
#3504=ADVANCED_FACE('',(#79),#3297,.T.);
#3505=ADVANCED_FACE('',(#80),#3298,.T.);
#3506=ADVANCED_FACE('',(#81),#3299,.T.);
#3507=ADVANCED_FACE('',(#82),#3300,.F.);
#3508=ADVANCED_FACE('',(#83),#3301,.T.);
#3509=ADVANCED_FACE('',(#84),#3302,.T.);
#3510=ADVANCED_FACE('',(#85),#3303,.T.);
#3511=ADVANCED_FACE('',(#86),#3304,.T.);
#3512=ADVANCED_FACE('',(#87),#3305,.T.);
#3513=ADVANCED_FACE('',(#88),#3306,.T.);
#3514=ADVANCED_FACE('',(#89),#3307,.T.);
#3515=ADVANCED_FACE('',(#90),#3308,.T.);
#3516=ADVANCED_FACE('',(#91),#3309,.T.);
#3517=ADVANCED_FACE('',(#92),#3310,.T.);
#3518=ADVANCED_FACE('',(#93),#3311,.T.);
#3519=ADVANCED_FACE('',(#94),#3312,.T.);
#3520=ADVANCED_FACE('',(#95),#3313,.F.);
#3521=ADVANCED_FACE('',(#96),#3314,.F.);
#3522=ADVANCED_FACE('',(#97),#3315,.F.);
#3523=ADVANCED_FACE('',(#98),#3316,.F.);
#3524=ADVANCED_FACE('',(#99),#3317,.F.);
#3525=ADVANCED_FACE('',(#100),#3318,.F.);
#3526=ADVANCED_FACE('',(#101),#3319,.F.);
#3527=ADVANCED_FACE('',(#102),#3320,.F.);
#3528=ADVANCED_FACE('',(#103),#3321,.F.);
#3529=ADVANCED_FACE('',(#104),#3322,.F.);
#3530=ADVANCED_FACE('',(#105),#3323,.F.);
#3531=ADVANCED_FACE('',(#106),#3324,.F.);
#3532=ADVANCED_FACE('',(#107),#3325,.F.);
#3533=ADVANCED_FACE('',(#108),#3326,.F.);
#3534=ADVANCED_FACE('',(#109),#3327,.F.);
#3535=ADVANCED_FACE('',(#110),#3328,.F.);
#3536=ADVANCED_FACE('',(#111),#3329,.F.);
#3537=ADVANCED_FACE('',(#112),#3330,.F.);
#3538=ADVANCED_FACE('',(#113),#3331,.F.);
#3539=ADVANCED_FACE('',(#114),#3332,.F.);
#3540=ADVANCED_FACE('',(#115),#3333,.T.);
#3541=ADVANCED_FACE('',(#116),#3334,.T.);
#3542=ADVANCED_FACE('',(#117),#3335,.T.);
#3543=ADVANCED_FACE('',(#118),#3336,.T.);
#3544=ADVANCED_FACE('',(#119),#3337,.T.);
#3545=ADVANCED_FACE('',(#120),#3338,.T.);
#3546=ADVANCED_FACE('',(#121),#3339,.T.);
#3547=ADVANCED_FACE('',(#122),#3340,.T.);
#3548=ADVANCED_FACE('',(#123),#3341,.T.);
#3549=ADVANCED_FACE('',(#124),#3342,.T.);
#3550=ADVANCED_FACE('',(#125),#3343,.T.);
#3551=ADVANCED_FACE('',(#126),#3344,.T.);
#3552=ADVANCED_FACE('',(#127),#3345,.T.);
#3553=ADVANCED_FACE('',(#128),#3346,.T.);
#3554=ADVANCED_FACE('',(#129),#3347,.T.);
#3555=ADVANCED_FACE('',(#130),#3348,.T.);
#3556=ADVANCED_FACE('',(#131),#3349,.T.);
#3557=ADVANCED_FACE('',(#132),#3350,.T.);
#3558=ADVANCED_FACE('',(#133),#3351,.T.);
#3559=ADVANCED_FACE('',(#134),#3352,.T.);
#3560=ADVANCED_FACE('',(#135),#3353,.T.);
#3561=ADVANCED_FACE('',(#136),#3354,.F.);
#3562=ADVANCED_FACE('',(#137),#3355,.F.);
#3563=ADVANCED_FACE('',(#138),#3356,.F.);
#3564=ADVANCED_FACE('',(#139),#3357,.F.);
#3565=ADVANCED_FACE('',(#140),#3358,.F.);
#3566=ADVANCED_FACE('',(#141),#3359,.F.);
#3567=ADVANCED_FACE('',(#142),#3360,.F.);
#3568=ADVANCED_FACE('',(#143),#3361,.F.);
#3569=ADVANCED_FACE('',(#144),#3362,.F.);
#3570=ADVANCED_FACE('',(#145),#3363,.F.);
#3571=ADVANCED_FACE('',(#146),#3364,.F.);
#3572=ADVANCED_FACE('',(#147),#3365,.F.);
#3573=ADVANCED_FACE('',(#148),#3366,.F.);
#3574=ADVANCED_FACE('',(#149),#3367,.F.);
#3575=ADVANCED_FACE('',(#150),#3368,.F.);
#3576=ADVANCED_FACE('',(#151),#3369,.F.);
#3577=ADVANCED_FACE('',(#152),#3370,.F.);
#3578=ADVANCED_FACE('',(#153),#3371,.F.);
#3579=ADVANCED_FACE('',(#154),#3372,.F.);
#3580=ADVANCED_FACE('',(#155),#3373,.F.);
#3581=ADVANCED_FACE('',(#156),#3374,.T.);
#3582=ADVANCED_FACE('',(#157),#72,.F.);
#3583=ADVANCED_FACE('',(#158),#3375,.T.);
#3584=ADVANCED_FACE('',(#159),#3376,.T.);
#3585=ADVANCED_FACE('',(#160,#69),#3377,.T.);
#3586=ADVANCED_FACE('',(#161),#3378,.T.);
#3587=ADVANCED_FACE('',(#162),#3379,.T.);
#3588=ADVANCED_FACE('',(#163),#3380,.T.);
#3589=ADVANCED_FACE('',(#164),#3381,.T.);
#3590=ADVANCED_FACE('',(#165),#3382,.T.);
#3591=ADVANCED_FACE('',(#166),#3383,.T.);
#3592=ADVANCED_FACE('',(#167),#3384,.T.);
#3593=ADVANCED_FACE('',(#168),#3385,.T.);
#3594=ADVANCED_FACE('',(#169),#3386,.T.);
#3595=ADVANCED_FACE('',(#170),#3387,.T.);
#3596=ADVANCED_FACE('',(#171),#3388,.T.);
#3597=ADVANCED_FACE('',(#172),#3389,.T.);
#3598=ADVANCED_FACE('',(#173),#3390,.T.);
#3599=ADVANCED_FACE('',(#174),#3391,.T.);
#3600=ADVANCED_FACE('',(#175),#3392,.T.);
#3601=ADVANCED_FACE('',(#176),#3393,.T.);
#3602=ADVANCED_FACE('',(#177),#3394,.T.);
#3603=ADVANCED_FACE('',(#178),#3395,.F.);
#3604=ADVANCED_FACE('',(#179),#3396,.T.);
#3605=ADVANCED_FACE('',(#180),#3397,.T.);
#3606=ADVANCED_FACE('',(#181),#3398,.T.);
#3607=ADVANCED_FACE('',(#182),#3399,.T.);
#3608=ADVANCED_FACE('',(#183),#3400,.T.);
#3609=ADVANCED_FACE('',(#184),#3401,.F.);
#3610=ADVANCED_FACE('',(#185),#3402,.T.);
#3611=ADVANCED_FACE('',(#186),#3403,.T.);
#3612=ADVANCED_FACE('',(#187),#3404,.T.);
#3613=ADVANCED_FACE('',(#188),#3405,.T.);
#3614=ADVANCED_FACE('',(#189),#3406,.T.);
#3615=ADVANCED_FACE('',(#190),#3407,.F.);
#3616=ADVANCED_FACE('',(#191),#3408,.T.);
#3617=ADVANCED_FACE('',(#192),#3409,.T.);
#3618=ADVANCED_FACE('',(#193),#3410,.T.);
#3619=ADVANCED_FACE('',(#194),#3411,.T.);
#3620=ADVANCED_FACE('',(#195),#3412,.T.);
#3621=ADVANCED_FACE('',(#196),#3413,.F.);
#3622=ADVANCED_FACE('',(#197),#3414,.T.);
#3623=ADVANCED_FACE('',(#198),#3415,.T.);
#3624=ADVANCED_FACE('',(#199),#3416,.T.);
#3625=ADVANCED_FACE('',(#200),#3417,.T.);
#3626=ADVANCED_FACE('',(#201),#3418,.T.);
#3627=ADVANCED_FACE('',(#202),#3419,.F.);
#3628=ADVANCED_FACE('',(#203),#3420,.T.);
#3629=ADVANCED_FACE('',(#204),#3421,.T.);
#3630=ADVANCED_FACE('',(#205),#3422,.T.);
#3631=ADVANCED_FACE('',(#206),#3423,.T.);
#3632=ADVANCED_FACE('',(#207),#3424,.T.);
#3633=ADVANCED_FACE('',(#208),#3425,.T.);
#3634=ADVANCED_FACE('',(#209),#3426,.T.);
#3635=ADVANCED_FACE('',(#210),#3427,.T.);
#3636=ADVANCED_FACE('',(#211),#3428,.T.);
#3637=ADVANCED_FACE('',(#212),#3429,.T.);
#3638=ADVANCED_FACE('',(#213),#3430,.T.);
#3639=ADVANCED_FACE('',(#214),#3431,.T.);
#3640=ADVANCED_FACE('',(#215),#3432,.T.);
#3641=ADVANCED_FACE('',(#216),#3433,.T.);
#3642=ADVANCED_FACE('',(#217),#3434,.T.);
#3643=ADVANCED_FACE('',(#218),#3435,.T.);
#3644=ADVANCED_FACE('',(#219),#3436,.T.);
#3645=ADVANCED_FACE('',(#220),#3437,.T.);
#3646=ADVANCED_FACE('',(#221),#3438,.T.);
#3647=ADVANCED_FACE('',(#222),#3439,.T.);
#3648=ADVANCED_FACE('',(#223),#3440,.T.);
#3649=ADVANCED_FACE('',(#224),#3441,.T.);
#3650=ADVANCED_FACE('',(#225),#3442,.T.);
#3651=ADVANCED_FACE('',(#226),#3443,.T.);
#3652=ADVANCED_FACE('',(#227),#3444,.T.);
#3653=ADVANCED_FACE('',(#228),#3445,.T.);
#3654=ADVANCED_FACE('',(#229),#3446,.T.);
#3655=ADVANCED_FACE('',(#230),#3447,.T.);
#3656=ADVANCED_FACE('',(#231),#3448,.T.);
#3657=ADVANCED_FACE('',(#232),#3449,.T.);
#3658=ADVANCED_FACE('',(#233),#3450,.T.);
#3659=ADVANCED_FACE('',(#234),#3451,.T.);
#3660=ADVANCED_FACE('',(#235),#3452,.T.);
#3661=ADVANCED_FACE('',(#236),#3453,.T.);
#3662=ADVANCED_FACE('',(#237),#3454,.T.);
#3663=ADVANCED_FACE('',(#238),#3455,.F.);
#3664=ADVANCED_FACE('',(#239),#3456,.T.);
#3665=ADVANCED_FACE('',(#240),#3457,.T.);
#3666=ADVANCED_FACE('',(#241),#3458,.T.);
#3667=ADVANCED_FACE('',(#242),#3459,.T.);
#3668=ADVANCED_FACE('',(#243),#3460,.T.);
#3669=ADVANCED_FACE('',(#244),#3461,.F.);
#3670=ADVANCED_FACE('',(#245),#3462,.T.);
#3671=ADVANCED_FACE('',(#246),#3463,.T.);
#3672=ADVANCED_FACE('',(#247),#3464,.T.);
#3673=ADVANCED_FACE('',(#248),#3465,.T.);
#3674=ADVANCED_FACE('',(#249),#3466,.T.);
#3675=ADVANCED_FACE('',(#250),#3467,.F.);
#3676=ADVANCED_FACE('',(#251),#3468,.T.);
#3677=ADVANCED_FACE('',(#252),#3469,.T.);
#3678=ADVANCED_FACE('',(#253),#3470,.T.);
#3679=ADVANCED_FACE('',(#254),#3471,.T.);
#3680=ADVANCED_FACE('',(#255),#3472,.T.);
#3681=ADVANCED_FACE('',(#256),#3473,.F.);
#3682=ADVANCED_FACE('',(#257),#3474,.T.);
#3683=ADVANCED_FACE('',(#258),#3475,.T.);
#3684=ADVANCED_FACE('',(#259),#3476,.T.);
#3685=ADVANCED_FACE('',(#260),#3477,.T.);
#3686=ADVANCED_FACE('',(#261),#3478,.T.);
#3687=ADVANCED_FACE('',(#262),#3479,.F.);
#3688=ADVANCED_FACE('',(#263),#3480,.T.);
#3689=ADVANCED_FACE('',(#264),#3481,.T.);
#3690=ADVANCED_FACE('',(#265),#3482,.T.);
#3691=ADVANCED_FACE('',(#266),#3483,.T.);
#3692=ADVANCED_FACE('',(#267),#3484,.T.);
#3693=ADVANCED_FACE('',(#268),#3485,.T.);
#3694=ADVANCED_FACE('',(#269),#3486,.T.);
#3695=ADVANCED_FACE('',(#270),#3487,.T.);
#3696=ADVANCED_FACE('',(#271),#3488,.T.);
#3697=ADVANCED_FACE('',(#272),#3489,.T.);
#3698=ADVANCED_FACE('',(#273),#3490,.T.);
#3699=ADVANCED_FACE('',(#274),#3491,.T.);
#3700=ADVANCED_FACE('',(#275),#3492,.T.);
#3701=ADVANCED_FACE('',(#276),#3493,.T.);
#3702=ADVANCED_FACE('',(#277),#3494,.T.);
#3703=ADVANCED_FACE('',(#278),#3495,.T.);
#3704=ADVANCED_FACE('',(#279),#3496,.T.);
#3705=ADVANCED_FACE('',(#280),#3497,.T.);
#3706=CLOSED_SHELL('',(#3498,#3499,#3500,#3501,#3502,#3503,#3504,#3505,
#3506,#3507,#3508,#3509,#3510,#3511,#3512,#3513,#3514,#3515,#3516,#3517,
#3518,#3519,#3520,#3521,#3522,#3523,#3524,#3525,#3526,#3527,#3528,#3529,
#3530,#3531,#3532,#3533,#3534,#3535,#3536,#3537,#3538,#3539,#3540,#3541,
#3542,#3543,#3544,#3545,#3546,#3547,#3548,#3549,#3550,#3551,#3552,#3553,
#3554,#3555,#3556,#3557,#3558,#3559,#3560,#3561,#3562,#3563,#3564,#3565,
#3566,#3567,#3568,#3569,#3570,#3571,#3572,#3573,#3574,#3575,#3576,#3577,
#3578,#3579,#3580,#3581,#3582,#3583,#3584,#3585));
#3707=CLOSED_SHELL('',(#3586,#3587,#3588,#3589,#3590,#3591));
#3708=CLOSED_SHELL('',(#3592,#3593,#3594,#3595,#3596,#3597));
#3709=CLOSED_SHELL('',(#3598,#3599,#3600,#3601,#3602,#3603));
#3710=CLOSED_SHELL('',(#3604,#3605,#3606,#3607,#3608,#3609));
#3711=CLOSED_SHELL('',(#3610,#3611,#3612,#3613,#3614,#3615));
#3712=CLOSED_SHELL('',(#3616,#3617,#3618,#3619,#3620,#3621));
#3713=CLOSED_SHELL('',(#3622,#3623,#3624,#3625,#3626,#3627));
#3714=CLOSED_SHELL('',(#3628,#3629,#3630,#3631,#3632,#3633));
#3715=CLOSED_SHELL('',(#3634,#3635,#3636,#3637,#3638,#3639));
#3716=CLOSED_SHELL('',(#3640,#3641,#3642,#3643,#3644,#3645));
#3717=CLOSED_SHELL('',(#3646,#3647,#3648,#3649,#3650,#3651));
#3718=CLOSED_SHELL('',(#3652,#3653,#3654,#3655,#3656,#3657));
#3719=CLOSED_SHELL('',(#3658,#3659,#3660,#3661,#3662,#3663));
#3720=CLOSED_SHELL('',(#3664,#3665,#3666,#3667,#3668,#3669));
#3721=CLOSED_SHELL('',(#3670,#3671,#3672,#3673,#3674,#3675));
#3722=CLOSED_SHELL('',(#3676,#3677,#3678,#3679,#3680,#3681));
#3723=CLOSED_SHELL('',(#3682,#3683,#3684,#3685,#3686,#3687));
#3724=CLOSED_SHELL('',(#3688,#3689,#3690,#3691,#3692,#3693));
#3725=CLOSED_SHELL('',(#3694,#3695,#3696,#3697,#3698,#3699));
#3726=CLOSED_SHELL('',(#3700,#3701,#3702,#3703,#3704,#3705));
#3727=DERIVED_UNIT_ELEMENT(#3731,1.);
#3728=DERIVED_UNIT_ELEMENT(#5939,-3.);
#3729=DERIVED_UNIT_ELEMENT(#3731,1.);
#3730=DERIVED_UNIT_ELEMENT(#5939,-3.);
#3731=(
MASS_UNIT()
NAMED_UNIT(*)
SI_UNIT(.KILO.,.GRAM.)
);
#3732=DERIVED_UNIT((#3727,#3728));
#3733=DERIVED_UNIT((#3729,#3730));
#3734=MEASURE_REPRESENTATION_ITEM('density measure',
POSITIVE_RATIO_MEASURE(7850.),#3732);
#3735=MEASURE_REPRESENTATION_ITEM('density measure',
POSITIVE_RATIO_MEASURE(7850.),#3733);
#3736=PROPERTY_DEFINITION_REPRESENTATION(#3746,#3740);
#3737=PROPERTY_DEFINITION_REPRESENTATION(#3747,#3741);
#3738=PROPERTY_DEFINITION_REPRESENTATION(#3748,#3742);
#3739=PROPERTY_DEFINITION_REPRESENTATION(#3749,#3743);
#3740=REPRESENTATION('material name',(#3744),#5935);
#3741=REPRESENTATION('density',(#3734),#5935);
#3742=REPRESENTATION('material name',(#3745),#5936);
#3743=REPRESENTATION('density',(#3735),#5936);
#3744=DESCRIPTIVE_REPRESENTATION_ITEM('A\X\E7o','A\X\E7o');
#3745=DESCRIPTIVE_REPRESENTATION_ITEM('A\X\E7o','A\X\E7o');
#3746=PROPERTY_DEFINITION('material property','material name',#5955);
#3747=PROPERTY_DEFINITION('material property','density of part',#5955);
#3748=PROPERTY_DEFINITION('material property','material name',#5956);
#3749=PROPERTY_DEFINITION('material property','density of part',#5956);
#3750=AXIS2_PLACEMENT_3D('',#4891,#3966,#3967);
#3751=AXIS2_PLACEMENT_3D('',#4892,#3968,#3969);
#3752=AXIS2_PLACEMENT_3D('',#4893,#3970,#3971);
#3753=AXIS2_PLACEMENT_3D('',#4902,#3976,#3977);
#3754=AXIS2_PLACEMENT_3D('',#4908,#3981,#3982);
#3755=AXIS2_PLACEMENT_3D('',#4914,#3986,#3987);
#3756=AXIS2_PLACEMENT_3D('',#4916,#3989,#3990);
#3757=AXIS2_PLACEMENT_3D('',#4958,#4012,#4013);
#3758=AXIS2_PLACEMENT_3D('',#4964,#4017,#4018);
#3759=AXIS2_PLACEMENT_3D('',#4970,#4022,#4023);
#3760=AXIS2_PLACEMENT_3D('',#4973,#4026,#4027);
#3761=AXIS2_PLACEMENT_3D('',#4974,#4028,#4029);
#3762=AXIS2_PLACEMENT_3D('',#5115,#4102,#4103);
#3763=AXIS2_PLACEMENT_3D('',#5119,#4106,#4107);
#3764=AXIS2_PLACEMENT_3D('',#5123,#4110,#4111);
#3765=AXIS2_PLACEMENT_3D('',#5125,#4113,#4114);
#3766=AXIS2_PLACEMENT_3D('',#5126,#4115,#4116);
#3767=AXIS2_PLACEMENT_3D('',#5130,#4119,#4120);
#3768=AXIS2_PLACEMENT_3D('',#5134,#4123,#4124);
#3769=AXIS2_PLACEMENT_3D('',#5136,#4126,#4127);
#3770=AXIS2_PLACEMENT_3D('',#5137,#4128,#4129);
#3771=AXIS2_PLACEMENT_3D('',#5141,#4132,#4133);
#3772=AXIS2_PLACEMENT_3D('',#5145,#4136,#4137);
#3773=AXIS2_PLACEMENT_3D('',#5147,#4139,#4140);
#3774=AXIS2_PLACEMENT_3D('',#5148,#4141,#4142);
#3775=AXIS2_PLACEMENT_3D('',#5154,#4146,#4147);
#3776=AXIS2_PLACEMENT_3D('',#5160,#4151,#4152);
#3777=AXIS2_PLACEMENT_3D('',#5162,#4154,#4155);
#3778=AXIS2_PLACEMENT_3D('',#5164,#4157,#4158);
#3779=AXIS2_PLACEMENT_3D('',#5170,#4162,#4163);
#3780=AXIS2_PLACEMENT_3D('',#5174,#4166,#4167);
#3781=AXIS2_PLACEMENT_3D('',#5178,#4170,#4171);
#3782=AXIS2_PLACEMENT_3D('',#5180,#4173,#4174);
#3783=AXIS2_PLACEMENT_3D('',#5186,#4178,#4179);
#3784=AXIS2_PLACEMENT_3D('',#5190,#4182,#4183);
#3785=AXIS2_PLACEMENT_3D('',#5194,#4186,#4187);
#3786=AXIS2_PLACEMENT_3D('',#5196,#4189,#4190);
#3787=AXIS2_PLACEMENT_3D('',#5202,#4194,#4195);
#3788=AXIS2_PLACEMENT_3D('',#5206,#4198,#4199);
#3789=AXIS2_PLACEMENT_3D('',#5210,#4202,#4203);
#3790=AXIS2_PLACEMENT_3D('',#5212,#4205,#4206);
#3791=AXIS2_PLACEMENT_3D('',#5218,#4210,#4211);
#3792=AXIS2_PLACEMENT_3D('',#5222,#4214,#4215);
#3793=AXIS2_PLACEMENT_3D('',#5226,#4218,#4219);
#3794=AXIS2_PLACEMENT_3D('',#5228,#4221,#4222);
#3795=AXIS2_PLACEMENT_3D('',#5234,#4226,#4227);
#3796=AXIS2_PLACEMENT_3D('',#5240,#4231,#4232);
#3797=AXIS2_PLACEMENT_3D('',#5244,#4235,#4236);
#3798=AXIS2_PLACEMENT_3D('',#5248,#4239,#4240);
#3799=AXIS2_PLACEMENT_3D('',#5250,#4242,#4243);
#3800=AXIS2_PLACEMENT_3D('',#5256,#4247,#4248);
#3801=AXIS2_PLACEMENT_3D('',#5260,#4251,#4252);
#3802=AXIS2_PLACEMENT_3D('',#5264,#4255,#4256);
#3803=AXIS2_PLACEMENT_3D('',#5266,#4258,#4259);
#3804=AXIS2_PLACEMENT_3D('',#5272,#4263,#4264);
#3805=AXIS2_PLACEMENT_3D('',#5276,#4267,#4268);
#3806=AXIS2_PLACEMENT_3D('',#5280,#4271,#4272);
#3807=AXIS2_PLACEMENT_3D('',#5282,#4274,#4275);
#3808=AXIS2_PLACEMENT_3D('',#5288,#4279,#4280);
#3809=AXIS2_PLACEMENT_3D('',#5292,#4283,#4284);
#3810=AXIS2_PLACEMENT_3D('',#5296,#4287,#4288);
#3811=AXIS2_PLACEMENT_3D('',#5298,#4290,#4291);
#3812=AXIS2_PLACEMENT_3D('',#5304,#4295,#4296);
#3813=AXIS2_PLACEMENT_3D('',#5308,#4299,#4300);
#3814=AXIS2_PLACEMENT_3D('',#5312,#4303,#4304);
#3815=AXIS2_PLACEMENT_3D('',#5314,#4306,#4307);
#3816=AXIS2_PLACEMENT_3D('',#5320,#4311,#4312);
#3817=AXIS2_PLACEMENT_3D('',#5324,#4315,#4316);
#3818=AXIS2_PLACEMENT_3D('',#5328,#4319,#4320);
#3819=AXIS2_PLACEMENT_3D('',#5330,#4322,#4323);
#3820=AXIS2_PLACEMENT_3D('',#5336,#4327,#4328);
#3821=AXIS2_PLACEMENT_3D('',#5340,#4331,#4332);
#3822=AXIS2_PLACEMENT_3D('',#5344,#4335,#4336);
#3823=AXIS2_PLACEMENT_3D('',#5346,#4338,#4339);
#3824=AXIS2_PLACEMENT_3D('',#5352,#4343,#4344);
#3825=AXIS2_PLACEMENT_3D('',#5356,#4347,#4348);
#3826=AXIS2_PLACEMENT_3D('',#5360,#4351,#4352);
#3827=AXIS2_PLACEMENT_3D('',#5362,#4354,#4355);
#3828=AXIS2_PLACEMENT_3D('',#5368,#4359,#4360);
#3829=AXIS2_PLACEMENT_3D('',#5372,#4363,#4364);
#3830=AXIS2_PLACEMENT_3D('',#5376,#4367,#4368);
#3831=AXIS2_PLACEMENT_3D('',#5378,#4370,#4371);
#3832=AXIS2_PLACEMENT_3D('',#5384,#4375,#4376);
#3833=AXIS2_PLACEMENT_3D('',#5388,#4379,#4380);
#3834=AXIS2_PLACEMENT_3D('',#5392,#4383,#4384);
#3835=AXIS2_PLACEMENT_3D('',#5394,#4386,#4387);
#3836=AXIS2_PLACEMENT_3D('',#5396,#4389,#4390);
#3837=AXIS2_PLACEMENT_3D('',#5398,#4391,#4392);
#3838=AXIS2_PLACEMENT_3D('',#5401,#4394,#4395);
#3839=AXIS2_PLACEMENT_3D('',#5402,#4396,#4397);
#3840=AXIS2_PLACEMENT_3D('',#5403,#4398,#4399);
#3841=AXIS2_PLACEMENT_3D('',#5405,#4401,#4402);
#3842=AXIS2_PLACEMENT_3D('',#5406,#4403,#4404);
#3843=AXIS2_PLACEMENT_3D('',#5407,#4405,#4406);
#3844=AXIS2_PLACEMENT_3D('',#5416,#4411,#4412);
#3845=AXIS2_PLACEMENT_3D('',#5422,#4416,#4417);
#3846=AXIS2_PLACEMENT_3D('',#5428,#4421,#4422);
#3847=AXIS2_PLACEMENT_3D('',#5431,#4425,#4426);
#3848=AXIS2_PLACEMENT_3D('',#5432,#4427,#4428);
#3849=AXIS2_PLACEMENT_3D('',#5433,#4429,#4430);
#3850=AXIS2_PLACEMENT_3D('',#5442,#4435,#4436);
#3851=AXIS2_PLACEMENT_3D('',#5448,#4440,#4441);
#3852=AXIS2_PLACEMENT_3D('',#5454,#4445,#4446);
#3853=AXIS2_PLACEMENT_3D('',#5457,#4449,#4450);
#3854=AXIS2_PLACEMENT_3D('',#5458,#4451,#4452);
#3855=AXIS2_PLACEMENT_3D('',#5459,#4453,#4454);
#3856=AXIS2_PLACEMENT_3D('',#5468,#4459,#4460);
#3857=AXIS2_PLACEMENT_3D('',#5474,#4464,#4465);
#3858=AXIS2_PLACEMENT_3D('',#5480,#4469,#4470);
#3859=AXIS2_PLACEMENT_3D('',#5483,#4473,#4474);
#3860=AXIS2_PLACEMENT_3D('',#5484,#4475,#4476);
#3861=AXIS2_PLACEMENT_3D('',#5485,#4477,#4478);
#3862=AXIS2_PLACEMENT_3D('',#5494,#4483,#4484);
#3863=AXIS2_PLACEMENT_3D('',#5500,#4488,#4489);
#3864=AXIS2_PLACEMENT_3D('',#5506,#4493,#4494);
#3865=AXIS2_PLACEMENT_3D('',#5509,#4497,#4498);
#3866=AXIS2_PLACEMENT_3D('',#5510,#4499,#4500);
#3867=AXIS2_PLACEMENT_3D('',#5511,#4501,#4502);
#3868=AXIS2_PLACEMENT_3D('',#5520,#4507,#4508);
#3869=AXIS2_PLACEMENT_3D('',#5526,#4512,#4513);
#3870=AXIS2_PLACEMENT_3D('',#5532,#4517,#4518);
#3871=AXIS2_PLACEMENT_3D('',#5535,#4521,#4522);
#3872=AXIS2_PLACEMENT_3D('',#5536,#4523,#4524);
#3873=AXIS2_PLACEMENT_3D('',#5537,#4525,#4526);
#3874=AXIS2_PLACEMENT_3D('',#5546,#4531,#4532);
#3875=AXIS2_PLACEMENT_3D('',#5552,#4536,#4537);
#3876=AXIS2_PLACEMENT_3D('',#5558,#4541,#4542);
#3877=AXIS2_PLACEMENT_3D('',#5561,#4545,#4546);
#3878=AXIS2_PLACEMENT_3D('',#5562,#4547,#4548);
#3879=AXIS2_PLACEMENT_3D('',#5563,#4549,#4550);
#3880=AXIS2_PLACEMENT_3D('',#5572,#4555,#4556);
#3881=AXIS2_PLACEMENT_3D('',#5578,#4560,#4561);
#3882=AXIS2_PLACEMENT_3D('',#5584,#4565,#4566);
#3883=AXIS2_PLACEMENT_3D('',#5587,#4569,#4570);
#3884=AXIS2_PLACEMENT_3D('',#5588,#4571,#4572);
#3885=AXIS2_PLACEMENT_3D('',#5589,#4573,#4574);
#3886=AXIS2_PLACEMENT_3D('',#5598,#4579,#4580);
#3887=AXIS2_PLACEMENT_3D('',#5604,#4584,#4585);
#3888=AXIS2_PLACEMENT_3D('',#5610,#4589,#4590);
#3889=AXIS2_PLACEMENT_3D('',#5613,#4593,#4594);
#3890=AXIS2_PLACEMENT_3D('',#5614,#4595,#4596);
#3891=AXIS2_PLACEMENT_3D('',#5615,#4597,#4598);
#3892=AXIS2_PLACEMENT_3D('',#5624,#4603,#4604);
#3893=AXIS2_PLACEMENT_3D('',#5630,#4608,#4609);
#3894=AXIS2_PLACEMENT_3D('',#5636,#4613,#4614);
#3895=AXIS2_PLACEMENT_3D('',#5639,#4617,#4618);
#3896=AXIS2_PLACEMENT_3D('',#5640,#4619,#4620);
#3897=AXIS2_PLACEMENT_3D('',#5641,#4621,#4622);
#3898=AXIS2_PLACEMENT_3D('',#5650,#4627,#4628);
#3899=AXIS2_PLACEMENT_3D('',#5656,#4632,#4633);
#3900=AXIS2_PLACEMENT_3D('',#5662,#4637,#4638);
#3901=AXIS2_PLACEMENT_3D('',#5665,#4641,#4642);
#3902=AXIS2_PLACEMENT_3D('',#5666,#4643,#4644);
#3903=AXIS2_PLACEMENT_3D('',#5667,#4645,#4646);
#3904=AXIS2_PLACEMENT_3D('',#5676,#4651,#4652);
#3905=AXIS2_PLACEMENT_3D('',#5682,#4656,#4657);
#3906=AXIS2_PLACEMENT_3D('',#5688,#4661,#4662);
#3907=AXIS2_PLACEMENT_3D('',#5691,#4665,#4666);
#3908=AXIS2_PLACEMENT_3D('',#5692,#4667,#4668);
#3909=AXIS2_PLACEMENT_3D('',#5693,#4669,#4670);
#3910=AXIS2_PLACEMENT_3D('',#5702,#4675,#4676);
#3911=AXIS2_PLACEMENT_3D('',#5708,#4680,#4681);
#3912=AXIS2_PLACEMENT_3D('',#5714,#4685,#4686);
#3913=AXIS2_PLACEMENT_3D('',#5717,#4689,#4690);
#3914=AXIS2_PLACEMENT_3D('',#5718,#4691,#4692);
#3915=AXIS2_PLACEMENT_3D('',#5719,#4693,#4694);
#3916=AXIS2_PLACEMENT_3D('',#5728,#4699,#4700);
#3917=AXIS2_PLACEMENT_3D('',#5734,#4704,#4705);
#3918=AXIS2_PLACEMENT_3D('',#5740,#4709,#4710);
#3919=AXIS2_PLACEMENT_3D('',#5743,#4713,#4714);
#3920=AXIS2_PLACEMENT_3D('',#5744,#4715,#4716);
#3921=AXIS2_PLACEMENT_3D('',#5745,#4717,#4718);
#3922=AXIS2_PLACEMENT_3D('',#5754,#4723,#4724);
#3923=AXIS2_PLACEMENT_3D('',#5760,#4728,#4729);
#3924=AXIS2_PLACEMENT_3D('',#5766,#4733,#4734);
#3925=AXIS2_PLACEMENT_3D('',#5769,#4737,#4738);
#3926=AXIS2_PLACEMENT_3D('',#5770,#4739,#4740);
#3927=AXIS2_PLACEMENT_3D('',#5771,#4741,#4742);
#3928=AXIS2_PLACEMENT_3D('',#5780,#4747,#4748);
#3929=AXIS2_PLACEMENT_3D('',#5786,#4752,#4753);
#3930=AXIS2_PLACEMENT_3D('',#5792,#4757,#4758);
#3931=AXIS2_PLACEMENT_3D('',#5795,#4761,#4762);
#3932=AXIS2_PLACEMENT_3D('',#5796,#4763,#4764);
#3933=AXIS2_PLACEMENT_3D('',#5797,#4765,#4766);
#3934=AXIS2_PLACEMENT_3D('',#5806,#4771,#4772);
#3935=AXIS2_PLACEMENT_3D('',#5812,#4776,#4777);
#3936=AXIS2_PLACEMENT_3D('',#5818,#4781,#4782);
#3937=AXIS2_PLACEMENT_3D('',#5821,#4785,#4786);
#3938=AXIS2_PLACEMENT_3D('',#5822,#4787,#4788);
#3939=AXIS2_PLACEMENT_3D('',#5823,#4789,#4790);
#3940=AXIS2_PLACEMENT_3D('',#5832,#4795,#4796);
#3941=AXIS2_PLACEMENT_3D('',#5838,#4800,#4801);
#3942=AXIS2_PLACEMENT_3D('',#5844,#4805,#4806);
#3943=AXIS2_PLACEMENT_3D('',#5847,#4809,#4810);
#3944=AXIS2_PLACEMENT_3D('',#5848,#4811,#4812);
#3945=AXIS2_PLACEMENT_3D('',#5849,#4813,#4814);
#3946=AXIS2_PLACEMENT_3D('',#5858,#4819,#4820);
#3947=AXIS2_PLACEMENT_3D('',#5864,#4824,#4825);
#3948=AXIS2_PLACEMENT_3D('',#5870,#4829,#4830);
#3949=AXIS2_PLACEMENT_3D('',#5873,#4833,#4834);
#3950=AXIS2_PLACEMENT_3D('',#5874,#4835,#4836);
#3951=AXIS2_PLACEMENT_3D('',#5875,#4837,#4838);
#3952=AXIS2_PLACEMENT_3D('',#5884,#4843,#4844);
#3953=AXIS2_PLACEMENT_3D('',#5890,#4848,#4849);
#3954=AXIS2_PLACEMENT_3D('',#5896,#4853,#4854);
#3955=AXIS2_PLACEMENT_3D('',#5899,#4857,#4858);
#3956=AXIS2_PLACEMENT_3D('',#5900,#4859,#4860);
#3957=AXIS2_PLACEMENT_3D('',#5901,#4861,#4862);
#3958=AXIS2_PLACEMENT_3D('',#5910,#4867,#4868);
#3959=AXIS2_PLACEMENT_3D('',#5916,#4872,#4873);
#3960=AXIS2_PLACEMENT_3D('',#5922,#4877,#4878);
#3961=AXIS2_PLACEMENT_3D('',#5925,#4881,#4882);
#3962=AXIS2_PLACEMENT_3D('',#5926,#4883,#4884);
#3963=AXIS2_PLACEMENT_3D('',#5927,#4885,#4886);
#3964=AXIS2_PLACEMENT_3D('',#5928,#4887,#4888);
#3965=AXIS2_PLACEMENT_3D('',#5929,#4889,#4890);
#3966=DIRECTION('axis',(0.,0.,1.));
#3967=DIRECTION('refdir',(1.,0.,0.));
#3968=DIRECTION('axis',(0.,0.,1.));
#3969=DIRECTION('refdir',(1.,0.,0.));
#3970=DIRECTION('center_axis',(-1.,0.,0.));
#3971=DIRECTION('ref_axis',(0.,-1.,0.));
#3972=DIRECTION('',(0.,-1.,0.));
#3973=DIRECTION('',(0.,0.,1.));
#3974=DIRECTION('',(0.,-1.,0.));
#3975=DIRECTION('',(0.,0.,1.));
#3976=DIRECTION('center_axis',(0.,-1.,0.));
#3977=DIRECTION('ref_axis',(1.,0.,0.));
#3978=DIRECTION('',(1.,0.,0.));
#3979=DIRECTION('',(1.,0.,0.));
#3980=DIRECTION('',(0.,0.,1.));
#3981=DIRECTION('center_axis',(1.,0.,0.));
#3982=DIRECTION('ref_axis',(0.,1.,0.));
#3983=DIRECTION('',(0.,1.,0.));
#3984=DIRECTION('',(0.,1.,0.));
#3985=DIRECTION('',(0.,0.,-1.));
#3986=DIRECTION('center_axis',(0.,0.,-1.));
#3987=DIRECTION('ref_axis',(1.,0.,0.));
#3988=DIRECTION('',(-1.,0.,0.));
#3989=DIRECTION('center_axis',(0.,-1.,0.));
#3990=DIRECTION('ref_axis',(1.,0.,0.));
#3991=DIRECTION('',(-1.,0.,0.));
#3992=DIRECTION('',(0.,0.,-1.));
#3993=DIRECTION('',(-1.,0.,0.));
#3994=DIRECTION('',(0.,0.,1.));
#3995=DIRECTION('',(-1.,0.,0.));
#3996=DIRECTION('',(0.,0.,-1.));
#3997=DIRECTION('',(-1.,0.,0.));
#3998=DIRECTION('',(0.,0.,1.));
#3999=DIRECTION('',(-1.,0.,0.));
#4000=DIRECTION('',(0.,0.,-1.));
#4001=DIRECTION('',(-1.,0.,0.));
#4002=DIRECTION('',(0.,0.,1.));
#4003=DIRECTION('',(-1.,0.,0.));
#4004=DIRECTION('',(0.,0.,1.));
#4005=DIRECTION('',(1.,0.,0.));
#4006=DIRECTION('',(0.,0.,1.));
#4007=DIRECTION('',(-1.,0.,0.));
#4008=DIRECTION('',(0.,0.,-1.));
#4009=DIRECTION('',(-1.,0.,0.));
#4010=DIRECTION('',(0.,0.,1.));
#4011=DIRECTION('',(-1.,0.,0.));
#4012=DIRECTION('center_axis',(-1.,0.,0.));
#4013=DIRECTION('ref_axis',(0.,-1.,0.));
#4014=DIRECTION('',(0.,-1.,0.));
#4015=DIRECTION('',(0.,-1.,0.));
#4016=DIRECTION('',(0.,0.,1.));
#4017=DIRECTION('center_axis',(0.,-1.,0.));
#4018=DIRECTION('ref_axis',(1.,0.,0.));
#4019=DIRECTION('',(1.,0.,0.));
#4020=DIRECTION('',(1.,0.,0.));
#4021=DIRECTION('',(0.,0.,1.));
#4022=DIRECTION('center_axis',(1.,0.,0.));
#4023=DIRECTION('ref_axis',(0.,1.,0.));
#4024=DIRECTION('',(0.,1.,0.));
#4025=DIRECTION('',(0.,1.,0.));
#4026=DIRECTION('center_axis',(0.,0.,-1.));
#4027=DIRECTION('ref_axis',(1.,0.,0.));
#4028=DIRECTION('center_axis',(0.,0.,1.));
#4029=DIRECTION('ref_axis',(1.,0.,0.));
#4030=DIRECTION('',(0.,-1.,0.));
#4031=DIRECTION('',(1.,0.,0.));
#4032=DIRECTION('',(0.,1.,0.));
#4033=DIRECTION('',(-6.93889390390723E-17,1.,0.));
#4034=DIRECTION('',(1.,1.38777878078145E-16,0.));
#4035=DIRECTION('',(-1.38777878078145E-16,1.,0.));
#4036=DIRECTION('',(-1.,-1.38777878078145E-16,0.));
#4037=DIRECTION('',(-6.93889390390723E-17,1.,0.));
#4038=DIRECTION('',(1.,1.38777878078145E-16,0.));
#4039=DIRECTION('',(-1.38777878078145E-16,1.,0.));
#4040=DIRECTION('',(-1.,-1.38777878078145E-16,0.));
#4041=DIRECTION('',(-6.93889390390723E-17,1.,0.));
#4042=DIRECTION('',(1.,1.38777878078145E-16,0.));
#4043=DIRECTION('',(-1.38777878078145E-16,1.,0.));
#4044=DIRECTION('',(-1.,-1.38777878078145E-16,0.));
#4045=DIRECTION('',(-6.93889390390723E-17,1.,0.));
#4046=DIRECTION('',(1.,1.38777878078145E-16,0.));
#4047=DIRECTION('',(-1.38777878078145E-16,1.,0.));
#4048=DIRECTION('',(-1.,-1.38777878078145E-16,0.));
#4049=DIRECTION('',(-6.93889390390723E-17,1.,0.));
#4050=DIRECTION('',(1.,1.38777878078145E-16,0.));
#4051=DIRECTION('',(-1.38777878078145E-16,1.,0.));
#4052=DIRECTION('',(-1.,-1.38777878078145E-16,0.));
#4053=DIRECTION('',(-6.93889390390723E-17,1.,0.));
#4054=DIRECTION('',(1.,0.,0.));
#4055=DIRECTION('',(0.,-1.,0.));
#4056=DIRECTION('',(1.,0.,0.));
#4057=DIRECTION('',(0.,1.,0.));
#4058=DIRECTION('',(1.,0.,0.));
#4059=DIRECTION('',(0.,-1.,0.));
#4060=DIRECTION('',(1.,0.,0.));
#4061=DIRECTION('',(0.,1.,0.));
#4062=DIRECTION('',(1.,0.,0.));
#4063=DIRECTION('',(0.,-1.,0.));
#4064=DIRECTION('',(1.,0.,0.));
#4065=DIRECTION('',(0.,1.,0.));
#4066=DIRECTION('',(1.,0.,0.));
#4067=DIRECTION('',(0.,-1.,0.));
#4068=DIRECTION('',(1.,0.,0.));
#4069=DIRECTION('',(0.,1.,0.));
#4070=DIRECTION('',(1.,0.,0.));
#4071=DIRECTION('',(0.,-1.,0.));
#4072=DIRECTION('',(1.,0.,0.));
#4073=DIRECTION('',(0.,1.,0.));
#4074=DIRECTION('',(1.,0.,0.));
#4075=DIRECTION('',(6.93889390390723E-17,-1.,0.));
#4076=DIRECTION('',(-1.,0.,0.));
#4077=DIRECTION('',(0.,-1.,0.));
#4078=DIRECTION('',(1.,0.,0.));
#4079=DIRECTION('',(6.93889390390723E-17,-1.,0.));
#4080=DIRECTION('',(-1.,0.,0.));
#4081=DIRECTION('',(0.,-1.,0.));
#4082=DIRECTION('',(1.,0.,0.));
#4083=DIRECTION('',(6.93889390390723E-17,-1.,0.));
#4084=DIRECTION('',(-1.,0.,0.));
#4085=DIRECTION('',(0.,-1.,0.));
#4086=DIRECTION('',(1.,0.,0.));
#4087=DIRECTION('',(6.93889390390723E-17,-1.,0.));
#4088=DIRECTION('',(-1.,0.,0.));
#4089=DIRECTION('',(0.,-1.,0.));
#4090=DIRECTION('',(1.,0.,0.));
#4091=DIRECTION('',(6.93889390390723E-17,-1.,0.));
#4092=DIRECTION('',(-1.,0.,0.));
#4093=DIRECTION('',(0.,-1.,0.));
#4094=DIRECTION('',(1.,0.,0.));
#4095=DIRECTION('',(6.93889390390723E-17,-1.,0.));
#4096=DIRECTION('',(0.,-1.,0.));
#4097=DIRECTION('',(1.,0.,0.));
#4098=DIRECTION('',(0.,1.,0.));
#4099=DIRECTION('',(0.,-1.,0.));
#4100=DIRECTION('',(1.,0.,0.));
#4101=DIRECTION('',(0.,1.,0.));
#4102=DIRECTION('center_axis',(-1.,0.,0.));
#4103=DIRECTION('ref_axis',(0.,-1.,0.));
#4104=DIRECTION('',(0.,-1.,0.));
#4105=DIRECTION('',(0.,0.,1.));
#4106=DIRECTION('center_axis',(0.,-1.,0.));
#4107=DIRECTION('ref_axis',(1.,0.,0.));
#4108=DIRECTION('',(1.,0.,0.));
#4109=DIRECTION('',(0.,0.,1.));
#4110=DIRECTION('center_axis',(1.,0.,0.));
#4111=DIRECTION('ref_axis',(0.,1.,0.));
#4112=DIRECTION('',(0.,1.,0.));
#4113=DIRECTION('center_axis',(0.,0.,-1.));
#4114=DIRECTION('ref_axis',(1.,0.,0.));
#4115=DIRECTION('center_axis',(-1.,0.,0.));
#4116=DIRECTION('ref_axis',(0.,-1.,0.));
#4117=DIRECTION('',(0.,-1.,0.));
#4118=DIRECTION('',(0.,0.,1.));
#4119=DIRECTION('center_axis',(0.,-1.,0.));
#4120=DIRECTION('ref_axis',(1.,0.,0.));
#4121=DIRECTION('',(1.,0.,0.));
#4122=DIRECTION('',(0.,0.,1.));
#4123=DIRECTION('center_axis',(1.,0.,0.));
#4124=DIRECTION('ref_axis',(0.,1.,0.));
#4125=DIRECTION('',(0.,1.,0.));
#4126=DIRECTION('center_axis',(0.,0.,-1.));
#4127=DIRECTION('ref_axis',(1.,0.,0.));
#4128=DIRECTION('center_axis',(1.,0.,0.));
#4129=DIRECTION('ref_axis',(0.,1.,0.));
#4130=DIRECTION('',(0.,0.,1.));
#4131=DIRECTION('',(0.,1.,0.));
#4132=DIRECTION('center_axis',(-1.,0.,0.));
#4133=DIRECTION('ref_axis',(0.,-1.,0.));
#4134=DIRECTION('',(0.,-1.,0.));
#4135=DIRECTION('',(0.,0.,1.));
#4136=DIRECTION('center_axis',(0.,-1.,0.));
#4137=DIRECTION('ref_axis',(1.,0.,0.));
#4138=DIRECTION('',(1.,0.,0.));
#4139=DIRECTION('center_axis',(0.,0.,-1.));
#4140=DIRECTION('ref_axis',(1.,0.,0.));
#4141=DIRECTION('center_axis',(-1.,0.,0.));
#4142=DIRECTION('ref_axis',(0.,-1.,0.));
#4143=DIRECTION('',(0.,0.,-1.));
#4144=DIRECTION('',(0.,-1.,0.));
#4145=DIRECTION('',(0.,0.,1.));
#4146=DIRECTION('center_axis',(1.,0.,0.));
#4147=DIRECTION('ref_axis',(0.,1.,0.));
#4148=DIRECTION('',(0.,0.,1.));
#4149=DIRECTION('',(0.,1.,0.));
#4150=DIRECTION('',(0.,0.,1.));
#4151=DIRECTION('center_axis',(0.,-1.,0.));
#4152=DIRECTION('ref_axis',(1.,0.,0.));
#4153=DIRECTION('',(1.,0.,0.));
#4154=DIRECTION('center_axis',(0.,0.,1.));
#4155=DIRECTION('ref_axis',(1.,0.,0.));
#4156=DIRECTION('',(-1.,0.,0.));
#4157=DIRECTION('center_axis',(1.,0.,0.));
#4158=DIRECTION('ref_axis',(0.,1.,0.));
#4159=DIRECTION('',(0.,0.,1.));
#4160=DIRECTION('',(0.,1.,0.));
#4161=DIRECTION('',(0.,0.,1.));
#4162=DIRECTION('center_axis',(0.,-1.,0.));
#4163=DIRECTION('ref_axis',(1.,0.,0.));
#4164=DIRECTION('',(0.,0.,1.));
#4165=DIRECTION('',(1.,0.,0.));
#4166=DIRECTION('center_axis',(-1.,0.,0.));
#4167=DIRECTION('ref_axis',(0.,-1.,0.));
#4168=DIRECTION('',(0.,0.,-1.));
#4169=DIRECTION('',(0.,-1.,0.));
#4170=DIRECTION('center_axis',(0.,0.,1.));
#4171=DIRECTION('ref_axis',(1.,0.,0.));
#4172=DIRECTION('',(-1.,0.,0.));
#4173=DIRECTION('center_axis',(1.,0.,0.));
#4174=DIRECTION('ref_axis',(0.,1.,0.));
#4175=DIRECTION('',(0.,0.,1.));
#4176=DIRECTION('',(0.,1.,0.));
#4177=DIRECTION('',(0.,0.,1.));
#4178=DIRECTION('center_axis',(0.,-1.,0.));
#4179=DIRECTION('ref_axis',(1.,0.,0.));
#4180=DIRECTION('',(0.,0.,1.));
#4181=DIRECTION('',(1.,0.,0.));
#4182=DIRECTION('center_axis',(-1.,0.,0.));
#4183=DIRECTION('ref_axis',(0.,-1.,0.));
#4184=DIRECTION('',(0.,0.,-1.));
#4185=DIRECTION('',(0.,-1.,0.));
#4186=DIRECTION('center_axis',(0.,0.,1.));
#4187=DIRECTION('ref_axis',(1.,0.,0.));
#4188=DIRECTION('',(-1.,0.,0.));
#4189=DIRECTION('center_axis',(1.,0.,0.));
#4190=DIRECTION('ref_axis',(0.,1.,0.));
#4191=DIRECTION('',(0.,0.,1.));
#4192=DIRECTION('',(0.,1.,0.));
#4193=DIRECTION('',(0.,0.,1.));
#4194=DIRECTION('center_axis',(0.,-1.,0.));
#4195=DIRECTION('ref_axis',(1.,0.,0.));
#4196=DIRECTION('',(0.,0.,1.));
#4197=DIRECTION('',(1.,0.,0.));
#4198=DIRECTION('center_axis',(-1.,0.,0.));
#4199=DIRECTION('ref_axis',(0.,-1.,0.));
#4200=DIRECTION('',(0.,0.,-1.));
#4201=DIRECTION('',(0.,-1.,0.));
#4202=DIRECTION('center_axis',(0.,0.,1.));
#4203=DIRECTION('ref_axis',(1.,0.,0.));
#4204=DIRECTION('',(-1.,0.,0.));
#4205=DIRECTION('center_axis',(1.,0.,0.));
#4206=DIRECTION('ref_axis',(0.,1.,0.));
#4207=DIRECTION('',(0.,0.,1.));
#4208=DIRECTION('',(0.,1.,0.));
#4209=DIRECTION('',(0.,0.,1.));
#4210=DIRECTION('center_axis',(0.,-1.,0.));
#4211=DIRECTION('ref_axis',(1.,0.,0.));
#4212=DIRECTION('',(0.,0.,1.));
#4213=DIRECTION('',(1.,0.,0.));
#4214=DIRECTION('center_axis',(-1.,0.,0.));
#4215=DIRECTION('ref_axis',(0.,-1.,0.));
#4216=DIRECTION('',(0.,0.,-1.));
#4217=DIRECTION('',(0.,-1.,0.));
#4218=DIRECTION('center_axis',(0.,0.,1.));
#4219=DIRECTION('ref_axis',(1.,0.,0.));
#4220=DIRECTION('',(-1.,0.,0.));
#4221=DIRECTION('center_axis',(0.,1.,0.));
#4222=DIRECTION('ref_axis',(-1.,0.,0.));
#4223=DIRECTION('',(0.,0.,1.));
#4224=DIRECTION('',(-1.,0.,0.));
#4225=DIRECTION('',(0.,0.,1.));
#4226=DIRECTION('center_axis',(-1.38777878078145E-16,1.,0.));
#4227=DIRECTION('ref_axis',(-1.,-1.38777878078145E-16,0.));
#4228=DIRECTION('',(0.,0.,-1.));
#4229=DIRECTION('',(-1.,-1.38777878078145E-16,0.));
#4230=DIRECTION('',(0.,0.,1.));
#4231=DIRECTION('center_axis',(-1.,-1.38777878078145E-16,0.));
#4232=DIRECTION('ref_axis',(1.38777878078145E-16,-1.,0.));
#4233=DIRECTION('',(1.38777878078145E-16,-1.,0.));
#4234=DIRECTION('',(0.,0.,1.));
#4235=DIRECTION('center_axis',(1.38777878078145E-16,-1.,0.));
#4236=DIRECTION('ref_axis',(1.,1.38777878078145E-16,0.));
#4237=DIRECTION('',(1.,1.38777878078145E-16,0.));
#4238=DIRECTION('',(0.,0.,1.));
#4239=DIRECTION('center_axis',(0.,0.,-1.));
#4240=DIRECTION('ref_axis',(-1.,-1.38777878078145E-16,0.));
#4241=DIRECTION('',(6.93889390390723E-17,-1.,0.));
#4242=DIRECTION('center_axis',(-1.,-1.38777878078145E-16,0.));
#4243=DIRECTION('ref_axis',(1.38777878078145E-16,-1.,0.));
#4244=DIRECTION('',(0.,0.,1.));
#4245=DIRECTION('',(1.38777878078145E-16,-1.,0.));
#4246=DIRECTION('',(0.,0.,1.));
#4247=DIRECTION('center_axis',(1.38777878078145E-16,-1.,0.));
#4248=DIRECTION('ref_axis',(1.,1.38777878078145E-16,0.));
#4249=DIRECTION('',(1.,1.38777878078145E-16,0.));
#4250=DIRECTION('',(0.,0.,1.));
#4251=DIRECTION('center_axis',(-1.38777878078145E-16,1.,0.));
#4252=DIRECTION('ref_axis',(-1.,-1.38777878078145E-16,0.));
#4253=DIRECTION('',(0.,0.,-1.));
#4254=DIRECTION('',(-1.,-1.38777878078145E-16,0.));
#4255=DIRECTION('center_axis',(0.,0.,-1.));
#4256=DIRECTION('ref_axis',(-1.,-1.38777878078145E-16,0.));
#4257=DIRECTION('',(6.93889390390723E-17,-1.,0.));
#4258=DIRECTION('center_axis',(-1.,-1.38777878078145E-16,0.));
#4259=DIRECTION('ref_axis',(1.38777878078145E-16,-1.,0.));
#4260=DIRECTION('',(0.,0.,1.));
#4261=DIRECTION('',(1.38777878078145E-16,-1.,0.));
#4262=DIRECTION('',(0.,0.,1.));
#4263=DIRECTION('center_axis',(1.38777878078145E-16,-1.,0.));
#4264=DIRECTION('ref_axis',(1.,1.38777878078145E-16,0.));
#4265=DIRECTION('',(1.,1.38777878078145E-16,0.));
#4266=DIRECTION('',(0.,0.,1.));
#4267=DIRECTION('center_axis',(-1.38777878078145E-16,1.,0.));
#4268=DIRECTION('ref_axis',(-1.,-1.38777878078145E-16,0.));
#4269=DIRECTION('',(0.,0.,-1.));
#4270=DIRECTION('',(-1.,-1.38777878078145E-16,0.));
#4271=DIRECTION('center_axis',(0.,0.,-1.));
#4272=DIRECTION('ref_axis',(-1.,-1.38777878078145E-16,0.));
#4273=DIRECTION('',(6.93889390390723E-17,-1.,0.));
#4274=DIRECTION('center_axis',(-1.,-1.38777878078145E-16,0.));
#4275=DIRECTION('ref_axis',(1.38777878078145E-16,-1.,0.));
#4276=DIRECTION('',(0.,0.,1.));
#4277=DIRECTION('',(1.38777878078145E-16,-1.,0.));
#4278=DIRECTION('',(0.,0.,1.));
#4279=DIRECTION('center_axis',(1.38777878078145E-16,-1.,0.));
#4280=DIRECTION('ref_axis',(1.,1.38777878078145E-16,0.));
#4281=DIRECTION('',(1.,1.38777878078145E-16,0.));
#4282=DIRECTION('',(0.,0.,1.));
#4283=DIRECTION('center_axis',(-1.38777878078145E-16,1.,0.));
#4284=DIRECTION('ref_axis',(-1.,-1.38777878078145E-16,0.));
#4285=DIRECTION('',(0.,0.,-1.));
#4286=DIRECTION('',(-1.,-1.38777878078145E-16,0.));
#4287=DIRECTION('center_axis',(0.,0.,-1.));
#4288=DIRECTION('ref_axis',(-1.,-1.38777878078145E-16,0.));
#4289=DIRECTION('',(6.93889390390723E-17,-1.,0.));
#4290=DIRECTION('center_axis',(-1.38777878078145E-16,1.,0.));
#4291=DIRECTION('ref_axis',(-1.,-1.38777878078145E-16,0.));
#4292=DIRECTION('',(0.,0.,-1.));
#4293=DIRECTION('',(-1.,-1.38777878078145E-16,0.));
#4294=DIRECTION('',(0.,0.,1.));
#4295=DIRECTION('center_axis',(-1.,-1.38777878078145E-16,0.));
#4296=DIRECTION('ref_axis',(1.38777878078145E-16,-1.,0.));
#4297=DIRECTION('',(1.38777878078145E-16,-1.,0.));
#4298=DIRECTION('',(0.,0.,1.));
#4299=DIRECTION('center_axis',(1.38777878078145E-16,-1.,0.));
#4300=DIRECTION('ref_axis',(1.,1.38777878078145E-16,0.));
#4301=DIRECTION('',(1.,1.38777878078145E-16,0.));
#4302=DIRECTION('',(0.,0.,1.));
#4303=DIRECTION('center_axis',(0.,0.,-1.));
#4304=DIRECTION('ref_axis',(-1.,-1.38777878078145E-16,0.));
#4305=DIRECTION('',(6.93889390390723E-17,-1.,0.));
#4306=DIRECTION('center_axis',(-1.,0.,0.));
#4307=DIRECTION('ref_axis',(0.,-1.,0.));
#4308=DIRECTION('',(0.,0.,1.));
#4309=DIRECTION('',(0.,-1.,0.));
#4310=DIRECTION('',(0.,0.,1.));
#4311=DIRECTION('center_axis',(0.,1.,0.));
#4312=DIRECTION('ref_axis',(-1.,0.,0.));
#4313=DIRECTION('',(0.,0.,-1.));
#4314=DIRECTION('',(-1.,0.,0.));
#4315=DIRECTION('center_axis',(0.,-1.,0.));
#4316=DIRECTION('ref_axis',(1.,0.,0.));
#4317=DIRECTION('',(1.,0.,0.));
#4318=DIRECTION('',(0.,0.,1.));
#4319=DIRECTION('center_axis',(0.,0.,1.));
#4320=DIRECTION('ref_axis',(1.,0.,0.));
#4321=DIRECTION('',(-6.93889390390723E-17,1.,0.));
#4322=DIRECTION('center_axis',(-1.,0.,0.));
#4323=DIRECTION('ref_axis',(0.,-1.,0.));
#4324=DIRECTION('',(0.,0.,1.));
#4325=DIRECTION('',(0.,-1.,0.));
#4326=DIRECTION('',(0.,0.,1.));
#4327=DIRECTION('center_axis',(0.,1.,0.));
#4328=DIRECTION('ref_axis',(-1.,0.,0.));
#4329=DIRECTION('',(0.,0.,-1.));
#4330=DIRECTION('',(-1.,0.,0.));
#4331=DIRECTION('center_axis',(0.,-1.,0.));
#4332=DIRECTION('ref_axis',(1.,0.,0.));
#4333=DIRECTION('',(1.,0.,0.));
#4334=DIRECTION('',(0.,0.,1.));
#4335=DIRECTION('center_axis',(0.,0.,1.));
#4336=DIRECTION('ref_axis',(1.,0.,0.));
#4337=DIRECTION('',(-6.93889390390723E-17,1.,0.));
#4338=DIRECTION('center_axis',(0.,-1.,0.));
#4339=DIRECTION('ref_axis',(1.,0.,0.));
#4340=DIRECTION('',(0.,0.,1.));
#4341=DIRECTION('',(1.,0.,0.));
#4342=DIRECTION('',(0.,0.,1.));
#4343=DIRECTION('center_axis',(-1.,0.,0.));
#4344=DIRECTION('ref_axis',(0.,-1.,0.));
#4345=DIRECTION('',(0.,0.,1.));
#4346=DIRECTION('',(0.,-1.,0.));
#4347=DIRECTION('center_axis',(0.,1.,0.));
#4348=DIRECTION('ref_axis',(-1.,0.,0.));
#4349=DIRECTION('',(0.,0.,-1.));
#4350=DIRECTION('',(-1.,0.,0.));
#4351=DIRECTION('center_axis',(0.,0.,1.));
#4352=DIRECTION('ref_axis',(1.,0.,0.));
#4353=DIRECTION('',(-6.93889390390723E-17,1.,0.));
#4354=DIRECTION('center_axis',(-1.,0.,0.));
#4355=DIRECTION('ref_axis',(0.,-1.,0.));
#4356=DIRECTION('',(0.,0.,1.));
#4357=DIRECTION('',(0.,-1.,0.));
#4358=DIRECTION('',(0.,0.,1.));
#4359=DIRECTION('center_axis',(0.,1.,0.));
#4360=DIRECTION('ref_axis',(-1.,0.,0.));
#4361=DIRECTION('',(0.,0.,-1.));
#4362=DIRECTION('',(-1.,0.,0.));
#4363=DIRECTION('center_axis',(0.,-1.,0.));
#4364=DIRECTION('ref_axis',(1.,0.,0.));
#4365=DIRECTION('',(1.,0.,0.));
#4366=DIRECTION('',(0.,0.,1.));
#4367=DIRECTION('center_axis',(0.,0.,1.));
#4368=DIRECTION('ref_axis',(1.,0.,0.));
#4369=DIRECTION('',(-6.93889390390723E-17,1.,0.));
#4370=DIRECTION('center_axis',(0.,-1.,0.));
#4371=DIRECTION('ref_axis',(1.,0.,0.));
#4372=DIRECTION('',(0.,0.,1.));
#4373=DIRECTION('',(1.,0.,0.));
#4374=DIRECTION('',(0.,0.,1.));
#4375=DIRECTION('center_axis',(-1.,0.,0.));
#4376=DIRECTION('ref_axis',(0.,-1.,0.));
#4377=DIRECTION('',(0.,0.,1.));
#4378=DIRECTION('',(0.,-1.,0.));
#4379=DIRECTION('center_axis',(0.,1.,0.));
#4380=DIRECTION('ref_axis',(-1.,0.,0.));
#4381=DIRECTION('',(0.,0.,-1.));
#4382=DIRECTION('',(-1.,0.,0.));
#4383=DIRECTION('center_axis',(0.,0.,1.));
#4384=DIRECTION('ref_axis',(1.,0.,0.));
#4385=DIRECTION('',(-6.93889390390723E-17,1.,0.));
#4386=DIRECTION('center_axis',(1.,6.93889390390723E-17,0.));
#4387=DIRECTION('ref_axis',(-6.93889390390723E-17,1.,0.));
#4388=DIRECTION('',(-6.93889390390723E-17,1.,0.));
#4389=DIRECTION('center_axis',(0.,0.,-1.));
#4390=DIRECTION('ref_axis',(1.,0.,0.));
#4391=DIRECTION('center_axis',(0.,0.,-1.));
#4392=DIRECTION('ref_axis',(1.,0.,0.));
#4393=DIRECTION('',(0.,0.,-1.));
#4394=DIRECTION('center_axis',(0.,0.,-1.));
#4395=DIRECTION('ref_axis',(1.,0.,0.));
#4396=DIRECTION('center_axis',(0.,0.,1.));
#4397=DIRECTION('ref_axis',(1.,0.,0.));
#4398=DIRECTION('center_axis',(-1.,-6.93889390390723E-17,0.));
#4399=DIRECTION('ref_axis',(6.93889390390723E-17,-1.,0.));
#4400=DIRECTION('',(6.93889390390723E-17,-1.,0.));
#4401=DIRECTION('center_axis',(0.,0.,1.));
#4402=DIRECTION('ref_axis',(1.,0.,0.));
#4403=DIRECTION('axis',(0.,0.,1.));
#4404=DIRECTION('refdir',(1.,0.,0.));
#4405=DIRECTION('center_axis',(0.,-1.,0.));
#4406=DIRECTION('ref_axis',(-1.,0.,0.));
#4407=DIRECTION('',(1.,0.,0.));
#4408=DIRECTION('',(0.,0.,-1.));
#4409=DIRECTION('',(-1.,0.,0.));
#4410=DIRECTION('',(0.,0.,-1.));
#4411=DIRECTION('center_axis',(1.,0.,0.));
#4412=DIRECTION('ref_axis',(0.,-1.,0.));
#4413=DIRECTION('',(0.,1.,0.));
#4414=DIRECTION('',(0.,-1.,0.));
#4415=DIRECTION('',(0.,0.,-1.));
#4416=DIRECTION('center_axis',(0.,1.,0.));
#4417=DIRECTION('ref_axis',(1.,0.,0.));
#4418=DIRECTION('',(-1.,0.,0.));
#4419=DIRECTION('',(1.,0.,0.));
#4420=DIRECTION('',(0.,0.,-1.));
#4421=DIRECTION('center_axis',(-1.,0.,0.));
#4422=DIRECTION('ref_axis',(0.,1.,0.));
#4423=DIRECTION('',(0.,-1.,0.));
#4424=DIRECTION('',(0.,1.,0.));
#4425=DIRECTION('center_axis',(0.,0.,-1.));
#4426=DIRECTION('ref_axis',(-1.,0.,0.));
#4427=DIRECTION('center_axis',(0.,0.,1.));
#4428=DIRECTION('ref_axis',(1.,0.,0.));
#4429=DIRECTION('center_axis',(0.,-1.,0.));
#4430=DIRECTION('ref_axis',(-1.,0.,0.));
#4431=DIRECTION('',(1.,0.,0.));
#4432=DIRECTION('',(0.,0.,-1.));
#4433=DIRECTION('',(-1.,0.,0.));
#4434=DIRECTION('',(0.,0.,-1.));
#4435=DIRECTION('center_axis',(1.,0.,0.));
#4436=DIRECTION('ref_axis',(0.,-1.,0.));
#4437=DIRECTION('',(0.,1.,0.));
#4438=DIRECTION('',(0.,-1.,0.));
#4439=DIRECTION('',(0.,0.,-1.));
#4440=DIRECTION('center_axis',(0.,1.,0.));
#4441=DIRECTION('ref_axis',(1.,0.,0.));
#4442=DIRECTION('',(-1.,0.,0.));
#4443=DIRECTION('',(1.,0.,0.));
#4444=DIRECTION('',(0.,0.,-1.));
#4445=DIRECTION('center_axis',(-1.,0.,0.));
#4446=DIRECTION('ref_axis',(0.,1.,0.));
#4447=DIRECTION('',(0.,-1.,0.));
#4448=DIRECTION('',(0.,1.,0.));
#4449=DIRECTION('center_axis',(0.,0.,-1.));
#4450=DIRECTION('ref_axis',(-1.,0.,0.));
#4451=DIRECTION('center_axis',(0.,0.,1.));
#4452=DIRECTION('ref_axis',(1.,0.,0.));
#4453=DIRECTION('center_axis',(1.,1.38777878078145E-16,0.));
#4454=DIRECTION('ref_axis',(1.38777878078145E-16,-1.,0.));
#4455=DIRECTION('',(1.38777878078145E-16,-1.,0.));
#4456=DIRECTION('',(0.,0.,-1.));
#4457=DIRECTION('',(1.38777878078145E-16,-1.,0.));
#4458=DIRECTION('',(0.,0.,-1.));
#4459=DIRECTION('center_axis',(-1.38777878078145E-16,1.,0.));
#4460=DIRECTION('ref_axis',(1.,1.38777878078145E-16,0.));
#4461=DIRECTION('',(1.,1.38777878078145E-16,0.));
#4462=DIRECTION('',(1.,1.38777878078145E-16,0.));
#4463=DIRECTION('',(0.,0.,-1.));
#4464=DIRECTION('center_axis',(-1.,-6.93889390390723E-17,0.));
#4465=DIRECTION('ref_axis',(-6.93889390390723E-17,1.,0.));
#4466=DIRECTION('',(6.93889390390723E-17,-1.,0.));
#4467=DIRECTION('',(-6.93889390390723E-17,1.,0.));
#4468=DIRECTION('',(0.,0.,-1.));
#4469=DIRECTION('center_axis',(1.38777878078145E-16,-1.,0.));
#4470=DIRECTION('ref_axis',(-1.,-1.38777878078145E-16,0.));
#4471=DIRECTION('',(-1.,-1.38777878078145E-16,0.));
#4472=DIRECTION('',(-1.,-1.38777878078145E-16,0.));
#4473=DIRECTION('center_axis',(0.,0.,-1.));
#4474=DIRECTION('ref_axis',(-1.,0.,0.));
#4475=DIRECTION('center_axis',(0.,0.,-1.));
#4476=DIRECTION('ref_axis',(-1.,-1.38777878078145E-16,0.));
#4477=DIRECTION('center_axis',(1.,1.38777878078145E-16,0.));
#4478=DIRECTION('ref_axis',(1.38777878078145E-16,-1.,0.));
#4479=DIRECTION('',(1.38777878078145E-16,-1.,0.));
#4480=DIRECTION('',(0.,0.,-1.));
#4481=DIRECTION('',(1.38777878078145E-16,-1.,0.));
#4482=DIRECTION('',(0.,0.,-1.));
#4483=DIRECTION('center_axis',(-1.38777878078145E-16,1.,0.));
#4484=DIRECTION('ref_axis',(1.,1.38777878078145E-16,0.));
#4485=DIRECTION('',(1.,1.38777878078145E-16,0.));
#4486=DIRECTION('',(1.,1.38777878078145E-16,0.));
#4487=DIRECTION('',(0.,0.,-1.));
#4488=DIRECTION('center_axis',(-1.,-6.93889390390723E-17,0.));
#4489=DIRECTION('ref_axis',(-6.93889390390723E-17,1.,0.));
#4490=DIRECTION('',(6.93889390390723E-17,-1.,0.));
#4491=DIRECTION('',(-6.93889390390723E-17,1.,0.));
#4492=DIRECTION('',(0.,0.,-1.));
#4493=DIRECTION('center_axis',(1.38777878078145E-16,-1.,0.));
#4494=DIRECTION('ref_axis',(-1.,-1.38777878078145E-16,0.));
#4495=DIRECTION('',(-1.,-1.38777878078145E-16,0.));
#4496=DIRECTION('',(-1.,-1.38777878078145E-16,0.));
#4497=DIRECTION('center_axis',(0.,0.,-1.));
#4498=DIRECTION('ref_axis',(-1.,0.,0.));
#4499=DIRECTION('center_axis',(0.,0.,-1.));
#4500=DIRECTION('ref_axis',(-1.,-1.38777878078145E-16,0.));
#4501=DIRECTION('center_axis',(-1.,-6.93889390390723E-17,0.));
#4502=DIRECTION('ref_axis',(-6.93889390390723E-17,1.,0.));
#4503=DIRECTION('',(6.93889390390723E-17,-1.,0.));
#4504=DIRECTION('',(0.,0.,-1.));
#4505=DIRECTION('',(-6.93889390390723E-17,1.,0.));
#4506=DIRECTION('',(0.,0.,-1.));
#4507=DIRECTION('center_axis',(1.38777878078145E-16,-1.,0.));
#4508=DIRECTION('ref_axis',(-1.,-1.38777878078145E-16,0.));
#4509=DIRECTION('',(-1.,-1.38777878078145E-16,0.));
#4510=DIRECTION('',(-1.,-1.38777878078145E-16,0.));
#4511=DIRECTION('',(0.,0.,-1.));
#4512=DIRECTION('center_axis',(1.,1.38777878078145E-16,0.));
#4513=DIRECTION('ref_axis',(1.38777878078145E-16,-1.,0.));
#4514=DIRECTION('',(1.38777878078145E-16,-1.,0.));
#4515=DIRECTION('',(1.38777878078145E-16,-1.,0.));
#4516=DIRECTION('',(0.,0.,-1.));
#4517=DIRECTION('center_axis',(-1.38777878078145E-16,1.,0.));
#4518=DIRECTION('ref_axis',(1.,1.38777878078145E-16,0.));
#4519=DIRECTION('',(1.,1.38777878078145E-16,0.));
#4520=DIRECTION('',(1.,1.38777878078145E-16,0.));
#4521=DIRECTION('center_axis',(0.,0.,-1.));
#4522=DIRECTION('ref_axis',(-1.,0.,0.));
#4523=DIRECTION('center_axis',(0.,0.,-1.));
#4524=DIRECTION('ref_axis',(-1.,-1.38777878078145E-16,0.));
#4525=DIRECTION('center_axis',(0.,-1.,0.));
#4526=DIRECTION('ref_axis',(-1.,0.,0.));
#4527=DIRECTION('',(-1.,0.,0.));
#4528=DIRECTION('',(0.,0.,-1.));
#4529=DIRECTION('',(-1.,0.,0.));
#4530=DIRECTION('',(0.,0.,-1.));
#4531=DIRECTION('center_axis',(1.,0.,0.));
#4532=DIRECTION('ref_axis',(0.,-1.,0.));
#4533=DIRECTION('',(0.,-1.,0.));
#4534=DIRECTION('',(0.,-1.,0.));
#4535=DIRECTION('',(0.,0.,-1.));
#4536=DIRECTION('center_axis',(0.,1.,0.));
#4537=DIRECTION('ref_axis',(1.,0.,0.));
#4538=DIRECTION('',(1.,0.,0.));
#4539=DIRECTION('',(1.,0.,0.));
#4540=DIRECTION('',(0.,0.,-1.));
#4541=DIRECTION('center_axis',(-1.,0.,0.));
#4542=DIRECTION('ref_axis',(0.,1.,0.));
#4543=DIRECTION('',(0.,1.,0.));
#4544=DIRECTION('',(0.,1.,0.));
#4545=DIRECTION('center_axis',(0.,0.,-1.));
#4546=DIRECTION('ref_axis',(-1.,0.,0.));
#4547=DIRECTION('center_axis',(0.,0.,-1.));
#4548=DIRECTION('ref_axis',(1.,0.,0.));
#4549=DIRECTION('center_axis',(0.,-1.,0.));
#4550=DIRECTION('ref_axis',(-1.,0.,0.));
#4551=DIRECTION('',(-1.,0.,0.));
#4552=DIRECTION('',(0.,0.,-1.));
#4553=DIRECTION('',(-1.,0.,0.));
#4554=DIRECTION('',(0.,0.,-1.));
#4555=DIRECTION('center_axis',(1.,0.,0.));
#4556=DIRECTION('ref_axis',(0.,-1.,0.));
#4557=DIRECTION('',(0.,-1.,0.));
#4558=DIRECTION('',(0.,-1.,0.));
#4559=DIRECTION('',(0.,0.,-1.));
#4560=DIRECTION('center_axis',(0.,1.,0.));
#4561=DIRECTION('ref_axis',(1.,0.,0.));
#4562=DIRECTION('',(1.,0.,0.));
#4563=DIRECTION('',(1.,0.,0.));
#4564=DIRECTION('',(0.,0.,-1.));
#4565=DIRECTION('center_axis',(-1.,0.,0.));
#4566=DIRECTION('ref_axis',(0.,1.,0.));
#4567=DIRECTION('',(0.,1.,0.));
#4568=DIRECTION('',(0.,1.,0.));
#4569=DIRECTION('center_axis',(0.,0.,-1.));
#4570=DIRECTION('ref_axis',(-1.,0.,0.));
#4571=DIRECTION('center_axis',(0.,0.,-1.));
#4572=DIRECTION('ref_axis',(1.,0.,0.));
#4573=DIRECTION('center_axis',(-1.,0.,0.));
#4574=DIRECTION('ref_axis',(0.,1.,0.));
#4575=DIRECTION('',(0.,-1.,0.));
#4576=DIRECTION('',(0.,0.,-1.));
#4577=DIRECTION('',(0.,1.,0.));
#4578=DIRECTION('',(0.,0.,-1.));
#4579=DIRECTION('center_axis',(0.,-1.,0.));
#4580=DIRECTION('ref_axis',(-1.,0.,0.));
#4581=DIRECTION('',(1.,0.,0.));
#4582=DIRECTION('',(-1.,0.,0.));
#4583=DIRECTION('',(0.,0.,-1.));
#4584=DIRECTION('center_axis',(1.,6.93889390390723E-17,0.));
#4585=DIRECTION('ref_axis',(6.93889390390723E-17,-1.,0.));
#4586=DIRECTION('',(-6.93889390390723E-17,1.,0.));
#4587=DIRECTION('',(6.93889390390723E-17,-1.,0.));
#4588=DIRECTION('',(0.,0.,-1.));
#4589=DIRECTION('center_axis',(0.,1.,0.));
#4590=DIRECTION('ref_axis',(1.,0.,0.));
#4591=DIRECTION('',(-1.,0.,0.));
#4592=DIRECTION('',(1.,0.,0.));
#4593=DIRECTION('center_axis',(0.,0.,-1.));
#4594=DIRECTION('ref_axis',(-1.,0.,0.));
#4595=DIRECTION('center_axis',(0.,0.,1.));
#4596=DIRECTION('ref_axis',(1.,0.,0.));
#4597=DIRECTION('center_axis',(1.,6.93889390390723E-17,0.));
#4598=DIRECTION('ref_axis',(6.93889390390723E-17,-1.,0.));
#4599=DIRECTION('',(-6.93889390390723E-17,1.,0.));
#4600=DIRECTION('',(0.,0.,-1.));
#4601=DIRECTION('',(6.93889390390723E-17,-1.,0.));
#4602=DIRECTION('',(0.,0.,-1.));
#4603=DIRECTION('center_axis',(0.,1.,0.));
#4604=DIRECTION('ref_axis',(1.,0.,0.));
#4605=DIRECTION('',(-1.,0.,0.));
#4606=DIRECTION('',(1.,0.,0.));
#4607=DIRECTION('',(0.,0.,-1.));
#4608=DIRECTION('center_axis',(-1.,0.,0.));
#4609=DIRECTION('ref_axis',(0.,1.,0.));
#4610=DIRECTION('',(0.,-1.,0.));
#4611=DIRECTION('',(0.,1.,0.));
#4612=DIRECTION('',(0.,0.,-1.));
#4613=DIRECTION('center_axis',(0.,-1.,0.));
#4614=DIRECTION('ref_axis',(-1.,0.,0.));
#4615=DIRECTION('',(1.,0.,0.));
#4616=DIRECTION('',(-1.,0.,0.));
#4617=DIRECTION('center_axis',(0.,0.,-1.));
#4618=DIRECTION('ref_axis',(-1.,0.,0.));
#4619=DIRECTION('center_axis',(0.,0.,1.));
#4620=DIRECTION('ref_axis',(1.,0.,0.));
#4621=DIRECTION('center_axis',(1.,6.93889390390723E-17,0.));
#4622=DIRECTION('ref_axis',(6.93889390390723E-17,-1.,0.));
#4623=DIRECTION('',(-6.93889390390723E-17,1.,0.));
#4624=DIRECTION('',(0.,0.,-1.));
#4625=DIRECTION('',(6.93889390390723E-17,-1.,0.));
#4626=DIRECTION('',(0.,0.,-1.));
#4627=DIRECTION('center_axis',(0.,1.,0.));
#4628=DIRECTION('ref_axis',(1.,0.,0.));
#4629=DIRECTION('',(-1.,0.,0.));
#4630=DIRECTION('',(1.,0.,0.));
#4631=DIRECTION('',(0.,0.,-1.));
#4632=DIRECTION('center_axis',(-1.,0.,0.));
#4633=DIRECTION('ref_axis',(0.,1.,0.));
#4634=DIRECTION('',(0.,-1.,0.));
#4635=DIRECTION('',(0.,1.,0.));
#4636=DIRECTION('',(0.,0.,-1.));
#4637=DIRECTION('center_axis',(0.,-1.,0.));
#4638=DIRECTION('ref_axis',(-1.,0.,0.));
#4639=DIRECTION('',(1.,0.,0.));
#4640=DIRECTION('',(-1.,0.,0.));
#4641=DIRECTION('center_axis',(0.,0.,-1.));
#4642=DIRECTION('ref_axis',(-1.,0.,0.));
#4643=DIRECTION('center_axis',(0.,0.,1.));
#4644=DIRECTION('ref_axis',(1.,0.,0.));
#4645=DIRECTION('center_axis',(1.,6.93889390390723E-17,0.));
#4646=DIRECTION('ref_axis',(6.93889390390723E-17,-1.,0.));
#4647=DIRECTION('',(-6.93889390390723E-17,1.,0.));
#4648=DIRECTION('',(0.,0.,-1.));
#4649=DIRECTION('',(6.93889390390723E-17,-1.,0.));
#4650=DIRECTION('',(0.,0.,-1.));
#4651=DIRECTION('center_axis',(0.,1.,0.));
#4652=DIRECTION('ref_axis',(1.,0.,0.));
#4653=DIRECTION('',(-1.,0.,0.));
#4654=DIRECTION('',(1.,0.,0.));
#4655=DIRECTION('',(0.,0.,-1.));
#4656=DIRECTION('center_axis',(-1.,0.,0.));
#4657=DIRECTION('ref_axis',(0.,1.,0.));
#4658=DIRECTION('',(0.,-1.,0.));
#4659=DIRECTION('',(0.,1.,0.));
#4660=DIRECTION('',(0.,0.,-1.));
#4661=DIRECTION('center_axis',(0.,-1.,0.));
#4662=DIRECTION('ref_axis',(-1.,0.,0.));
#4663=DIRECTION('',(1.,0.,0.));
#4664=DIRECTION('',(-1.,0.,0.));
#4665=DIRECTION('center_axis',(0.,0.,-1.));
#4666=DIRECTION('ref_axis',(-1.,0.,0.));
#4667=DIRECTION('center_axis',(0.,0.,1.));
#4668=DIRECTION('ref_axis',(1.,0.,0.));
#4669=DIRECTION('center_axis',(-1.,0.,0.));
#4670=DIRECTION('ref_axis',(0.,1.,0.));
#4671=DIRECTION('',(0.,-1.,0.));
#4672=DIRECTION('',(0.,0.,-1.));
#4673=DIRECTION('',(0.,1.,0.));
#4674=DIRECTION('',(0.,0.,-1.));
#4675=DIRECTION('center_axis',(0.,-1.,0.));
#4676=DIRECTION('ref_axis',(-1.,0.,0.));
#4677=DIRECTION('',(1.,0.,0.));
#4678=DIRECTION('',(-1.,0.,0.));
#4679=DIRECTION('',(0.,0.,-1.));
#4680=DIRECTION('center_axis',(1.,6.93889390390723E-17,0.));
#4681=DIRECTION('ref_axis',(6.93889390390723E-17,-1.,0.));
#4682=DIRECTION('',(-6.93889390390723E-17,1.,0.));
#4683=DIRECTION('',(6.93889390390723E-17,-1.,0.));
#4684=DIRECTION('',(0.,0.,-1.));
#4685=DIRECTION('center_axis',(0.,1.,0.));
#4686=DIRECTION('ref_axis',(1.,0.,0.));
#4687=DIRECTION('',(-1.,0.,0.));
#4688=DIRECTION('',(1.,0.,0.));
#4689=DIRECTION('center_axis',(0.,0.,-1.));
#4690=DIRECTION('ref_axis',(-1.,0.,0.));
#4691=DIRECTION('center_axis',(0.,0.,1.));
#4692=DIRECTION('ref_axis',(1.,0.,0.));
#4693=DIRECTION('center_axis',(0.,-1.,0.));
#4694=DIRECTION('ref_axis',(-1.,0.,0.));
#4695=DIRECTION('',(-1.,0.,0.));
#4696=DIRECTION('',(0.,0.,-1.));
#4697=DIRECTION('',(-1.,0.,0.));
#4698=DIRECTION('',(0.,0.,-1.));
#4699=DIRECTION('center_axis',(1.,0.,0.));
#4700=DIRECTION('ref_axis',(0.,-1.,0.));
#4701=DIRECTION('',(0.,-1.,0.));
#4702=DIRECTION('',(0.,-1.,0.));
#4703=DIRECTION('',(0.,0.,-1.));
#4704=DIRECTION('center_axis',(0.,1.,0.));
#4705=DIRECTION('ref_axis',(1.,0.,0.));
#4706=DIRECTION('',(1.,0.,0.));
#4707=DIRECTION('',(1.,0.,0.));
#4708=DIRECTION('',(0.,0.,-1.));
#4709=DIRECTION('center_axis',(-1.,0.,0.));
#4710=DIRECTION('ref_axis',(0.,1.,0.));
#4711=DIRECTION('',(0.,1.,0.));
#4712=DIRECTION('',(0.,1.,0.));
#4713=DIRECTION('center_axis',(0.,0.,-1.));
#4714=DIRECTION('ref_axis',(-1.,0.,0.));
#4715=DIRECTION('center_axis',(0.,0.,-1.));
#4716=DIRECTION('ref_axis',(1.,0.,0.));
#4717=DIRECTION('center_axis',(-1.,0.,0.));
#4718=DIRECTION('ref_axis',(0.,1.,0.));
#4719=DIRECTION('',(0.,1.,0.));
#4720=DIRECTION('',(0.,0.,-1.));
#4721=DIRECTION('',(0.,1.,0.));
#4722=DIRECTION('',(0.,0.,-1.));
#4723=DIRECTION('center_axis',(0.,-1.,0.));
#4724=DIRECTION('ref_axis',(-1.,0.,0.));
#4725=DIRECTION('',(-1.,0.,0.));
#4726=DIRECTION('',(-1.,0.,0.));
#4727=DIRECTION('',(0.,0.,-1.));
#4728=DIRECTION('center_axis',(1.,0.,0.));
#4729=DIRECTION('ref_axis',(0.,-1.,0.));
#4730=DIRECTION('',(0.,-1.,0.));
#4731=DIRECTION('',(0.,-1.,0.));
#4732=DIRECTION('',(0.,0.,-1.));
#4733=DIRECTION('center_axis',(0.,1.,0.));
#4734=DIRECTION('ref_axis',(1.,0.,0.));
#4735=DIRECTION('',(1.,0.,0.));
#4736=DIRECTION('',(1.,0.,0.));
#4737=DIRECTION('center_axis',(0.,0.,-1.));
#4738=DIRECTION('ref_axis',(-1.,0.,0.));
#4739=DIRECTION('center_axis',(0.,0.,-1.));
#4740=DIRECTION('ref_axis',(1.,0.,0.));
#4741=DIRECTION('center_axis',(0.,-1.,0.));
#4742=DIRECTION('ref_axis',(-1.,0.,0.));
#4743=DIRECTION('',(-1.,0.,0.));
#4744=DIRECTION('',(0.,0.,-1.));
#4745=DIRECTION('',(-1.,0.,0.));
#4746=DIRECTION('',(0.,0.,-1.));
#4747=DIRECTION('center_axis',(1.,0.,0.));
#4748=DIRECTION('ref_axis',(0.,-1.,0.));
#4749=DIRECTION('',(0.,-1.,0.));
#4750=DIRECTION('',(0.,-1.,0.));
#4751=DIRECTION('',(0.,0.,-1.));
#4752=DIRECTION('center_axis',(0.,1.,0.));
#4753=DIRECTION('ref_axis',(1.,0.,0.));
#4754=DIRECTION('',(1.,0.,0.));
#4755=DIRECTION('',(1.,0.,0.));
#4756=DIRECTION('',(0.,0.,-1.));
#4757=DIRECTION('center_axis',(-1.,0.,0.));
#4758=DIRECTION('ref_axis',(0.,1.,0.));
#4759=DIRECTION('',(0.,1.,0.));
#4760=DIRECTION('',(0.,1.,0.));
#4761=DIRECTION('center_axis',(0.,0.,-1.));
#4762=DIRECTION('ref_axis',(-1.,0.,0.));
#4763=DIRECTION('center_axis',(0.,0.,-1.));
#4764=DIRECTION('ref_axis',(1.,0.,0.));
#4765=DIRECTION('center_axis',(-1.,-6.93889390390723E-17,0.));
#4766=DIRECTION('ref_axis',(-6.93889390390723E-17,1.,0.));
#4767=DIRECTION('',(6.93889390390723E-17,-1.,0.));
#4768=DIRECTION('',(0.,0.,-1.));
#4769=DIRECTION('',(-6.93889390390723E-17,1.,0.));
#4770=DIRECTION('',(0.,0.,-1.));
#4771=DIRECTION('center_axis',(1.38777878078145E-16,-1.,0.));
#4772=DIRECTION('ref_axis',(-1.,-1.38777878078145E-16,0.));
#4773=DIRECTION('',(-1.,-1.38777878078145E-16,0.));
#4774=DIRECTION('',(-1.,-1.38777878078145E-16,0.));
#4775=DIRECTION('',(0.,0.,-1.));
#4776=DIRECTION('center_axis',(1.,1.38777878078145E-16,0.));
#4777=DIRECTION('ref_axis',(1.38777878078145E-16,-1.,0.));
#4778=DIRECTION('',(1.38777878078145E-16,-1.,0.));
#4779=DIRECTION('',(1.38777878078145E-16,-1.,0.));
#4780=DIRECTION('',(0.,0.,-1.));
#4781=DIRECTION('center_axis',(-1.38777878078145E-16,1.,0.));
#4782=DIRECTION('ref_axis',(1.,1.38777878078145E-16,0.));
#4783=DIRECTION('',(1.,1.38777878078145E-16,0.));
#4784=DIRECTION('',(1.,1.38777878078145E-16,0.));
#4785=DIRECTION('center_axis',(0.,0.,-1.));
#4786=DIRECTION('ref_axis',(-1.,0.,0.));
#4787=DIRECTION('center_axis',(0.,0.,-1.));
#4788=DIRECTION('ref_axis',(-1.,-1.38777878078145E-16,0.));
#4789=DIRECTION('center_axis',(1.,1.38777878078145E-16,0.));
#4790=DIRECTION('ref_axis',(1.38777878078145E-16,-1.,0.));
#4791=DIRECTION('',(1.38777878078145E-16,-1.,0.));
#4792=DIRECTION('',(0.,0.,-1.));
#4793=DIRECTION('',(1.38777878078145E-16,-1.,0.));
#4794=DIRECTION('',(0.,0.,-1.));
#4795=DIRECTION('center_axis',(-1.38777878078145E-16,1.,0.));
#4796=DIRECTION('ref_axis',(1.,1.38777878078145E-16,0.));
#4797=DIRECTION('',(1.,1.38777878078145E-16,0.));
#4798=DIRECTION('',(1.,1.38777878078145E-16,0.));
#4799=DIRECTION('',(0.,0.,-1.));
#4800=DIRECTION('center_axis',(-1.,-6.93889390390723E-17,0.));
#4801=DIRECTION('ref_axis',(-6.93889390390723E-17,1.,0.));
#4802=DIRECTION('',(6.93889390390723E-17,-1.,0.));
#4803=DIRECTION('',(-6.93889390390723E-17,1.,0.));
#4804=DIRECTION('',(0.,0.,-1.));
#4805=DIRECTION('center_axis',(1.38777878078145E-16,-1.,0.));
#4806=DIRECTION('ref_axis',(-1.,-1.38777878078145E-16,0.));
#4807=DIRECTION('',(-1.,-1.38777878078145E-16,0.));
#4808=DIRECTION('',(-1.,-1.38777878078145E-16,0.));
#4809=DIRECTION('center_axis',(0.,0.,-1.));
#4810=DIRECTION('ref_axis',(-1.,0.,0.));
#4811=DIRECTION('center_axis',(0.,0.,-1.));
#4812=DIRECTION('ref_axis',(-1.,-1.38777878078145E-16,0.));
#4813=DIRECTION('center_axis',(0.,-1.,0.));
#4814=DIRECTION('ref_axis',(-1.,0.,0.));
#4815=DIRECTION('',(1.,0.,0.));
#4816=DIRECTION('',(0.,0.,-1.));
#4817=DIRECTION('',(-1.,0.,0.));
#4818=DIRECTION('',(0.,0.,-1.));
#4819=DIRECTION('center_axis',(1.,0.,0.));
#4820=DIRECTION('ref_axis',(0.,-1.,0.));
#4821=DIRECTION('',(0.,1.,0.));
#4822=DIRECTION('',(0.,-1.,0.));
#4823=DIRECTION('',(0.,0.,-1.));
#4824=DIRECTION('center_axis',(0.,1.,0.));
#4825=DIRECTION('ref_axis',(1.,0.,0.));
#4826=DIRECTION('',(-1.,0.,0.));
#4827=DIRECTION('',(1.,0.,0.));
#4828=DIRECTION('',(0.,0.,-1.));
#4829=DIRECTION('center_axis',(-1.,0.,0.));
#4830=DIRECTION('ref_axis',(0.,1.,0.));
#4831=DIRECTION('',(0.,-1.,0.));
#4832=DIRECTION('',(0.,1.,0.));
#4833=DIRECTION('center_axis',(0.,0.,-1.));
#4834=DIRECTION('ref_axis',(-1.,0.,0.));
#4835=DIRECTION('center_axis',(0.,0.,1.));
#4836=DIRECTION('ref_axis',(1.,0.,0.));
#4837=DIRECTION('center_axis',(1.,0.,0.));
#4838=DIRECTION('ref_axis',(0.,-1.,0.));
#4839=DIRECTION('',(0.,1.,0.));
#4840=DIRECTION('',(0.,0.,-1.));
#4841=DIRECTION('',(0.,-1.,0.));
#4842=DIRECTION('',(0.,0.,-1.));
#4843=DIRECTION('center_axis',(0.,1.,0.));
#4844=DIRECTION('ref_axis',(1.,0.,0.));
#4845=DIRECTION('',(-1.,0.,0.));
#4846=DIRECTION('',(1.,0.,0.));
#4847=DIRECTION('',(0.,0.,-1.));
#4848=DIRECTION('center_axis',(-1.,0.,0.));
#4849=DIRECTION('ref_axis',(0.,1.,0.));
#4850=DIRECTION('',(0.,-1.,0.));
#4851=DIRECTION('',(0.,1.,0.));
#4852=DIRECTION('',(0.,0.,-1.));
#4853=DIRECTION('center_axis',(0.,-1.,0.));
#4854=DIRECTION('ref_axis',(-1.,0.,0.));
#4855=DIRECTION('',(1.,0.,0.));
#4856=DIRECTION('',(-1.,0.,0.));
#4857=DIRECTION('center_axis',(0.,0.,-1.));
#4858=DIRECTION('ref_axis',(-1.,0.,0.));
#4859=DIRECTION('center_axis',(0.,0.,1.));
#4860=DIRECTION('ref_axis',(1.,0.,0.));
#4861=DIRECTION('center_axis',(0.,-1.,0.));
#4862=DIRECTION('ref_axis',(-1.,0.,0.));
#4863=DIRECTION('',(1.,0.,0.));
#4864=DIRECTION('',(0.,0.,-1.));
#4865=DIRECTION('',(-1.,0.,0.));
#4866=DIRECTION('',(0.,0.,-1.));
#4867=DIRECTION('center_axis',(1.,0.,0.));
#4868=DIRECTION('ref_axis',(0.,-1.,0.));
#4869=DIRECTION('',(0.,1.,0.));
#4870=DIRECTION('',(0.,-1.,0.));
#4871=DIRECTION('',(0.,0.,-1.));
#4872=DIRECTION('center_axis',(0.,1.,0.));
#4873=DIRECTION('ref_axis',(1.,0.,0.));
#4874=DIRECTION('',(-1.,0.,0.));
#4875=DIRECTION('',(1.,0.,0.));
#4876=DIRECTION('',(0.,0.,-1.));
#4877=DIRECTION('center_axis',(-1.,0.,0.));
#4878=DIRECTION('ref_axis',(0.,1.,0.));
#4879=DIRECTION('',(0.,-1.,0.));
#4880=DIRECTION('',(0.,1.,0.));
#4881=DIRECTION('center_axis',(0.,0.,-1.));
#4882=DIRECTION('ref_axis',(-1.,0.,0.));
#4883=DIRECTION('center_axis',(0.,0.,1.));
#4884=DIRECTION('ref_axis',(1.,0.,0.));
#4885=DIRECTION('',(0.,0.,1.));
#4886=DIRECTION('',(1.,0.,0.));
#4887=DIRECTION('',(0.,0.,1.));
#4888=DIRECTION('',(1.,0.,0.));
#4889=DIRECTION('center_axis',(0.,0.,1.));
#4890=DIRECTION('ref_axis',(1.,0.,0.));
#4891=CARTESIAN_POINT('',(0.,0.,0.));
#4892=CARTESIAN_POINT('',(0.,0.,0.));
#4893=CARTESIAN_POINT('Origin',(-0.385,-1.6000000089407,0.));
#4894=CARTESIAN_POINT('',(-0.385,-1.6000000089407,0.));
#4895=CARTESIAN_POINT('',(-0.385,-2.,0.));
#4896=CARTESIAN_POINT('',(-0.385,-0.80000000447035,0.));
#4897=CARTESIAN_POINT('',(-0.385,-2.,0.1));
#4898=CARTESIAN_POINT('',(-0.385,-2.,0.));
#4899=CARTESIAN_POINT('',(-0.385,-1.6000000089407,0.1));
#4900=CARTESIAN_POINT('',(-0.385,-1.6000000089407,0.1));
#4901=CARTESIAN_POINT('',(-0.385,-1.6000000089407,0.));
#4902=CARTESIAN_POINT('Origin',(-0.615,-1.6000000089407,0.));
#4903=CARTESIAN_POINT('',(-0.615,-1.6000000089407,0.));
#4904=CARTESIAN_POINT('',(-0.3075,-1.6000000089407,0.));
#4905=CARTESIAN_POINT('',(-0.615,-1.6000000089407,0.1));
#4906=CARTESIAN_POINT('',(-0.615,-1.6000000089407,0.1));
#4907=CARTESIAN_POINT('',(-0.615,-1.6000000089407,0.));
#4908=CARTESIAN_POINT('Origin',(-0.615,-2.,0.));
#4909=CARTESIAN_POINT('',(-0.615,-2.,0.));
#4910=CARTESIAN_POINT('',(-0.615,-1.,0.));
#4911=CARTESIAN_POINT('',(-0.615,-2.,0.1));
#4912=CARTESIAN_POINT('',(-0.615,-2.,0.1));
#4913=CARTESIAN_POINT('',(-0.615,-2.,0.));
#4914=CARTESIAN_POINT('Origin',(-0.5,-1.80000000447035,0.1));
#4915=CARTESIAN_POINT('',(-1.25,-2.,0.1));
#4916=CARTESIAN_POINT('Origin',(-2.,-2.,0.));
#4917=CARTESIAN_POINT('',(-0.115,-2.,0.));
#4918=CARTESIAN_POINT('',(2.,-2.,0.));
#4919=CARTESIAN_POINT('',(-0.115,-2.,0.1));
#4920=CARTESIAN_POINT('',(-0.115,-2.,0.));
#4921=CARTESIAN_POINT('',(0.115,-2.,0.1));
#4922=CARTESIAN_POINT('',(-1.,-2.,0.1));
#4923=CARTESIAN_POINT('',(0.115,-2.,0.));
#4924=CARTESIAN_POINT('',(0.115,-2.,0.));
#4925=CARTESIAN_POINT('',(0.385,-2.,0.));
#4926=CARTESIAN_POINT('',(2.,-2.,0.));
#4927=CARTESIAN_POINT('',(0.385,-2.,0.1));
#4928=CARTESIAN_POINT('',(0.385,-2.,0.));
#4929=CARTESIAN_POINT('',(0.615,-2.,0.1));
#4930=CARTESIAN_POINT('',(-0.75,-2.,0.1));
#4931=CARTESIAN_POINT('',(0.615,-2.,0.));
#4932=CARTESIAN_POINT('',(0.615,-2.,0.));
#4933=CARTESIAN_POINT('',(0.885,-2.,0.));
#4934=CARTESIAN_POINT('',(2.,-2.,0.));
#4935=CARTESIAN_POINT('',(0.885,-2.,0.1));
#4936=CARTESIAN_POINT('',(0.885,-2.,0.));
#4937=CARTESIAN_POINT('',(1.115,-2.,0.1));
#4938=CARTESIAN_POINT('',(-0.5,-2.,0.1));
#4939=CARTESIAN_POINT('',(1.115,-2.,0.));
#4940=CARTESIAN_POINT('',(1.115,-2.,0.));
#4941=CARTESIAN_POINT('',(2.,-2.,0.));
#4942=CARTESIAN_POINT('',(2.,-2.,0.));
#4943=CARTESIAN_POINT('',(2.,-2.,0.8));
#4944=CARTESIAN_POINT('',(2.,-2.,0.));
#4945=CARTESIAN_POINT('',(-2.,-2.,0.8));
#4946=CARTESIAN_POINT('',(2.,-2.,0.8));
#4947=CARTESIAN_POINT('',(-2.,-2.,0.));
#4948=CARTESIAN_POINT('',(-2.,-2.,0.));
#4949=CARTESIAN_POINT('',(-1.115,-2.,0.));
#4950=CARTESIAN_POINT('',(2.,-2.,0.));
#4951=CARTESIAN_POINT('',(-1.115,-2.,0.1));
#4952=CARTESIAN_POINT('',(-1.115,-2.,0.));
#4953=CARTESIAN_POINT('',(-0.885,-2.,0.1));
#4954=CARTESIAN_POINT('',(-1.5,-2.,0.1));
#4955=CARTESIAN_POINT('',(-0.885,-2.,0.));
#4956=CARTESIAN_POINT('',(-0.885,-2.,0.));
#4957=CARTESIAN_POINT('',(2.,-2.,0.));
#4958=CARTESIAN_POINT('Origin',(0.615,-1.6000000089407,0.));
#4959=CARTESIAN_POINT('',(0.615,-1.6000000089407,0.));
#4960=CARTESIAN_POINT('',(0.615,-0.80000000447035,0.));
#4961=CARTESIAN_POINT('',(0.615,-1.6000000089407,0.1));
#4962=CARTESIAN_POINT('',(0.615,-1.6000000089407,0.1));
#4963=CARTESIAN_POINT('',(0.615,-1.6000000089407,0.));
#4964=CARTESIAN_POINT('Origin',(0.385,-1.6000000089407,0.));
#4965=CARTESIAN_POINT('',(0.385,-1.6000000089407,0.));
#4966=CARTESIAN_POINT('',(0.1925,-1.6000000089407,0.));
#4967=CARTESIAN_POINT('',(0.385,-1.6000000089407,0.1));
#4968=CARTESIAN_POINT('',(0.385,-1.6000000089407,0.1));
#4969=CARTESIAN_POINT('',(0.385,-1.6000000089407,0.));
#4970=CARTESIAN_POINT('Origin',(0.385,-2.,0.));
#4971=CARTESIAN_POINT('',(0.385,-1.,0.));
#4972=CARTESIAN_POINT('',(0.385,-2.,0.1));
#4973=CARTESIAN_POINT('Origin',(0.5,-1.80000000447035,0.1));
#4974=CARTESIAN_POINT('Origin',(-2.77555756156289E-16,-2.22044604925031E-15,
0.));
#4975=CARTESIAN_POINT('',(-0.885,-1.6000000089407,0.));
#4976=CARTESIAN_POINT('',(-0.885,-0.80000000447035,0.));
#4977=CARTESIAN_POINT('',(-1.115,-1.6000000089407,0.));
#4978=CARTESIAN_POINT('',(-0.5575,-1.6000000089407,0.));
#4979=CARTESIAN_POINT('',(-1.115,-1.,0.));
#4980=CARTESIAN_POINT('',(-2.,-1.115,0.));
#4981=CARTESIAN_POINT('',(-2.,-2.,0.));
#4982=CARTESIAN_POINT('',(-1.6,-1.115,0.));
#4983=CARTESIAN_POINT('',(-0.8,-1.115,0.));
#4984=CARTESIAN_POINT('',(-1.6,-0.885000000000001,0.));
#4985=CARTESIAN_POINT('',(-1.6,-0.442500000000002,0.));
#4986=CARTESIAN_POINT('',(-2.,-0.885000000000001,0.));
#4987=CARTESIAN_POINT('',(-1.,-0.885000000000001,0.));
#4988=CARTESIAN_POINT('',(-2.,-0.615000000000001,0.));
#4989=CARTESIAN_POINT('',(-2.,-2.,0.));
#4990=CARTESIAN_POINT('',(-1.6,-0.615000000000001,0.));
#4991=CARTESIAN_POINT('',(-0.8,-0.615000000000001,0.));
#4992=CARTESIAN_POINT('',(-1.6,-0.385000000000001,0.));
#4993=CARTESIAN_POINT('',(-1.6,-0.192500000000002,0.));
#4994=CARTESIAN_POINT('',(-2.,-0.385000000000002,0.));
#4995=CARTESIAN_POINT('',(-1.,-0.385000000000001,0.));
#4996=CARTESIAN_POINT('',(-2.,-0.115000000000001,0.));
#4997=CARTESIAN_POINT('',(-2.,-2.,0.));
#4998=CARTESIAN_POINT('',(-1.6,-0.115000000000001,0.));
#4999=CARTESIAN_POINT('',(-0.8,-0.115000000000001,0.));
#5000=CARTESIAN_POINT('',(-1.6,0.114999999999999,0.));
#5001=CARTESIAN_POINT('',(-1.6,0.0574999999999981,0.));
#5002=CARTESIAN_POINT('',(-2.,0.114999999999999,0.));
#5003=CARTESIAN_POINT('',(-1.,0.114999999999999,0.));
#5004=CARTESIAN_POINT('',(-2.,0.384999999999999,0.));
#5005=CARTESIAN_POINT('',(-2.,-2.,0.));
#5006=CARTESIAN_POINT('',(-1.6,0.384999999999999,0.));
#5007=CARTESIAN_POINT('',(-0.8,0.384999999999999,0.));
#5008=CARTESIAN_POINT('',(-1.6,0.614999999999999,0.));
#5009=CARTESIAN_POINT('',(-1.6,0.307499999999998,0.));
#5010=CARTESIAN_POINT('',(-2.,0.614999999999999,0.));
#5011=CARTESIAN_POINT('',(-1.,0.614999999999999,0.));
#5012=CARTESIAN_POINT('',(-2.,0.884999999999999,0.));
#5013=CARTESIAN_POINT('',(-2.,-2.,0.));
#5014=CARTESIAN_POINT('',(-1.6,0.884999999999999,0.));
#5015=CARTESIAN_POINT('',(-0.8,0.884999999999999,0.));
#5016=CARTESIAN_POINT('',(-1.6,1.115,0.));
#5017=CARTESIAN_POINT('',(-1.6,0.557499999999998,0.));
#5018=CARTESIAN_POINT('',(-2.,1.115,0.));
#5019=CARTESIAN_POINT('',(-1.,1.115,0.));
#5020=CARTESIAN_POINT('',(-2.,2.,0.));
#5021=CARTESIAN_POINT('',(-2.,-2.,0.));
#5022=CARTESIAN_POINT('',(-1.115,2.,0.));
#5023=CARTESIAN_POINT('',(-2.,2.,0.));
#5024=CARTESIAN_POINT('',(-1.115,1.60000000894069,0.));
#5025=CARTESIAN_POINT('',(-1.115,0.999999999999998,0.));
#5026=CARTESIAN_POINT('',(-0.885,1.60000000894069,0.));
#5027=CARTESIAN_POINT('',(-0.5575,1.60000000894069,0.));
#5028=CARTESIAN_POINT('',(-0.885,2.,0.));
#5029=CARTESIAN_POINT('',(-0.885,0.800000004470346,0.));
#5030=CARTESIAN_POINT('',(-0.615,2.,0.));
#5031=CARTESIAN_POINT('',(-2.,2.,0.));
#5032=CARTESIAN_POINT('',(-0.615,1.60000000894069,0.));
#5033=CARTESIAN_POINT('',(-0.615,0.999999999999998,0.));
#5034=CARTESIAN_POINT('',(-0.385,1.60000000894069,0.));
#5035=CARTESIAN_POINT('',(-0.3075,1.60000000894069,0.));
#5036=CARTESIAN_POINT('',(-0.385,2.,0.));
#5037=CARTESIAN_POINT('',(-0.385,0.800000004470346,0.));
#5038=CARTESIAN_POINT('',(-0.115,2.,0.));
#5039=CARTESIAN_POINT('',(-2.,2.,0.));
#5040=CARTESIAN_POINT('',(-0.115,1.60000000894069,0.));
#5041=CARTESIAN_POINT('',(-0.115,0.999999999999998,0.));
#5042=CARTESIAN_POINT('',(0.115,1.60000000894069,0.));
#5043=CARTESIAN_POINT('',(-0.0575000000000001,1.60000000894069,0.));
#5044=CARTESIAN_POINT('',(0.115,2.,0.));
#5045=CARTESIAN_POINT('',(0.115,0.800000004470346,0.));
#5046=CARTESIAN_POINT('',(0.385,2.,0.));
#5047=CARTESIAN_POINT('',(-2.,2.,0.));
#5048=CARTESIAN_POINT('',(0.385,1.60000000894069,0.));
#5049=CARTESIAN_POINT('',(0.385,0.999999999999998,0.));
#5050=CARTESIAN_POINT('',(0.615,1.60000000894069,0.));
#5051=CARTESIAN_POINT('',(0.1925,1.60000000894069,0.));
#5052=CARTESIAN_POINT('',(0.615,2.,0.));
#5053=CARTESIAN_POINT('',(0.615,0.800000004470346,0.));
#5054=CARTESIAN_POINT('',(0.885,2.,0.));
#5055=CARTESIAN_POINT('',(-2.,2.,0.));
#5056=CARTESIAN_POINT('',(0.885,1.60000000894069,0.));
#5057=CARTESIAN_POINT('',(0.885,0.999999999999998,0.));
#5058=CARTESIAN_POINT('',(1.115,1.60000000894069,0.));
#5059=CARTESIAN_POINT('',(0.4425,1.60000000894069,0.));
#5060=CARTESIAN_POINT('',(1.115,2.,0.));
#5061=CARTESIAN_POINT('',(1.115,0.800000004470346,0.));
#5062=CARTESIAN_POINT('',(2.,2.,0.));
#5063=CARTESIAN_POINT('',(-2.,2.,0.));
#5064=CARTESIAN_POINT('',(2.,1.115,0.));
#5065=CARTESIAN_POINT('',(2.,2.,0.));
#5066=CARTESIAN_POINT('',(1.6,1.115,0.));
#5067=CARTESIAN_POINT('',(1.,1.115,0.));
#5068=CARTESIAN_POINT('',(1.6,0.884999999999999,0.));
#5069=CARTESIAN_POINT('',(1.6,0.557499999999998,0.));
#5070=CARTESIAN_POINT('',(2.,0.884999999999999,0.));
#5071=CARTESIAN_POINT('',(0.8,0.884999999999999,0.));
#5072=CARTESIAN_POINT('',(2.,0.614999999999999,0.));
#5073=CARTESIAN_POINT('',(2.,2.,0.));
#5074=CARTESIAN_POINT('',(1.6,0.614999999999999,0.));
#5075=CARTESIAN_POINT('',(1.,0.614999999999999,0.));
#5076=CARTESIAN_POINT('',(1.6,0.384999999999999,0.));
#5077=CARTESIAN_POINT('',(1.6,0.307499999999998,0.));
#5078=CARTESIAN_POINT('',(2.,0.384999999999999,0.));
#5079=CARTESIAN_POINT('',(0.8,0.384999999999999,0.));
#5080=CARTESIAN_POINT('',(2.,0.114999999999999,0.));
#5081=CARTESIAN_POINT('',(2.,2.,0.));
#5082=CARTESIAN_POINT('',(1.6,0.114999999999999,0.));
#5083=CARTESIAN_POINT('',(1.,0.114999999999999,0.));
#5084=CARTESIAN_POINT('',(1.6,-0.115000000000001,0.));
#5085=CARTESIAN_POINT('',(1.6,0.0574999999999983,0.));
#5086=CARTESIAN_POINT('',(2.,-0.115000000000001,0.));
#5087=CARTESIAN_POINT('',(0.8,-0.115000000000001,0.));
#5088=CARTESIAN_POINT('',(2.,-0.385000000000001,0.));
#5089=CARTESIAN_POINT('',(2.,2.,0.));
#5090=CARTESIAN_POINT('',(1.6,-0.385000000000001,0.));
#5091=CARTESIAN_POINT('',(1.,-0.385000000000001,0.));
#5092=CARTESIAN_POINT('',(1.6,-0.615000000000001,0.));
#5093=CARTESIAN_POINT('',(1.6,-0.192500000000002,0.));
#5094=CARTESIAN_POINT('',(2.,-0.615000000000001,0.));
#5095=CARTESIAN_POINT('',(0.8,-0.615000000000001,0.));
#5096=CARTESIAN_POINT('',(2.,-0.885000000000001,0.));
#5097=CARTESIAN_POINT('',(2.,2.,0.));
#5098=CARTESIAN_POINT('',(1.6,-0.885000000000001,0.));
#5099=CARTESIAN_POINT('',(1.,-0.885000000000001,0.));
#5100=CARTESIAN_POINT('',(1.6,-1.115,0.));
#5101=CARTESIAN_POINT('',(1.6,-0.442500000000002,0.));
#5102=CARTESIAN_POINT('',(2.,-1.115,0.));
#5103=CARTESIAN_POINT('',(0.8,-1.115,0.));
#5104=CARTESIAN_POINT('',(2.,2.,0.));
#5105=CARTESIAN_POINT('',(1.115,-1.6000000089407,0.));
#5106=CARTESIAN_POINT('',(1.115,-0.80000000447035,0.));
#5107=CARTESIAN_POINT('',(0.885,-1.6000000089407,0.));
#5108=CARTESIAN_POINT('',(0.4425,-1.6000000089407,0.));
#5109=CARTESIAN_POINT('',(0.885,-1.,0.));
#5110=CARTESIAN_POINT('',(0.115,-1.6000000089407,0.));
#5111=CARTESIAN_POINT('',(0.115,-0.80000000447035,0.));
#5112=CARTESIAN_POINT('',(-0.115,-1.6000000089407,0.));
#5113=CARTESIAN_POINT('',(-0.0575000000000001,-1.6000000089407,0.));
#5114=CARTESIAN_POINT('',(-0.115,-1.,0.));
#5115=CARTESIAN_POINT('Origin',(1.115,-1.6000000089407,0.));
#5116=CARTESIAN_POINT('',(1.115,-1.6000000089407,0.1));
#5117=CARTESIAN_POINT('',(1.115,-1.6000000089407,0.1));
#5118=CARTESIAN_POINT('',(1.115,-1.6000000089407,0.));
#5119=CARTESIAN_POINT('Origin',(0.885,-1.6000000089407,0.));
#5120=CARTESIAN_POINT('',(0.885,-1.6000000089407,0.1));
#5121=CARTESIAN_POINT('',(0.885,-1.6000000089407,0.1));
#5122=CARTESIAN_POINT('',(0.885,-1.6000000089407,0.));
#5123=CARTESIAN_POINT('Origin',(0.885,-2.,0.));
#5124=CARTESIAN_POINT('',(0.885,-2.,0.1));
#5125=CARTESIAN_POINT('Origin',(1.,-1.80000000447035,0.1));
#5126=CARTESIAN_POINT('Origin',(-0.885,-1.6000000089407,0.));
#5127=CARTESIAN_POINT('',(-0.885,-1.6000000089407,0.1));
#5128=CARTESIAN_POINT('',(-0.885,-1.6000000089407,0.1));
#5129=CARTESIAN_POINT('',(-0.885,-1.6000000089407,0.));
#5130=CARTESIAN_POINT('Origin',(-1.115,-1.6000000089407,0.));
#5131=CARTESIAN_POINT('',(-1.115,-1.6000000089407,0.1));
#5132=CARTESIAN_POINT('',(-1.115,-1.6000000089407,0.1));
#5133=CARTESIAN_POINT('',(-1.115,-1.6000000089407,0.));
#5134=CARTESIAN_POINT('Origin',(-1.115,-2.,0.));
#5135=CARTESIAN_POINT('',(-1.115,-2.,0.1));
#5136=CARTESIAN_POINT('Origin',(-1.,-1.80000000447035,0.1));
#5137=CARTESIAN_POINT('Origin',(-0.115,-2.,0.));
#5138=CARTESIAN_POINT('',(-0.115,-1.6000000089407,0.1));
#5139=CARTESIAN_POINT('',(-0.115,-1.6000000089407,0.));
#5140=CARTESIAN_POINT('',(-0.115,-2.,0.1));
#5141=CARTESIAN_POINT('Origin',(0.115,-1.6000000089407,0.));
#5142=CARTESIAN_POINT('',(0.115,-1.6000000089407,0.1));
#5143=CARTESIAN_POINT('',(0.115,-1.6000000089407,0.1));
#5144=CARTESIAN_POINT('',(0.115,-1.6000000089407,0.));
#5145=CARTESIAN_POINT('Origin',(-0.115,-1.6000000089407,0.));
#5146=CARTESIAN_POINT('',(-0.115,-1.6000000089407,0.1));
#5147=CARTESIAN_POINT('Origin',(0.,-1.80000000447035,0.1));
#5148=CARTESIAN_POINT('Origin',(-0.115,2.,0.));
#5149=CARTESIAN_POINT('',(-0.115,2.,0.1));
#5150=CARTESIAN_POINT('',(-0.115,2.,0.));
#5151=CARTESIAN_POINT('',(-0.115,1.60000000894069,0.1));
#5152=CARTESIAN_POINT('',(-0.115,2.,0.1));
#5153=CARTESIAN_POINT('',(-0.115,1.60000000894069,0.));
#5154=CARTESIAN_POINT('Origin',(0.115,1.60000000894069,0.));
#5155=CARTESIAN_POINT('',(0.115,1.60000000894069,0.1));
#5156=CARTESIAN_POINT('',(0.115,1.60000000894069,0.));
#5157=CARTESIAN_POINT('',(0.115,2.,0.1));
#5158=CARTESIAN_POINT('',(0.115,1.60000000894069,0.1));
#5159=CARTESIAN_POINT('',(0.115,2.,0.));
#5160=CARTESIAN_POINT('Origin',(-0.115,1.60000000894069,0.));
#5161=CARTESIAN_POINT('',(-0.115,1.60000000894069,0.1));
#5162=CARTESIAN_POINT('Origin',(0.,1.80000000447035,0.1));
#5163=CARTESIAN_POINT('',(1.,2.,0.1));
#5164=CARTESIAN_POINT('Origin',(0.615,1.60000000894069,0.));
#5165=CARTESIAN_POINT('',(0.615,1.60000000894069,0.1));
#5166=CARTESIAN_POINT('',(0.615,1.60000000894069,0.));
#5167=CARTESIAN_POINT('',(0.615,2.,0.1));
#5168=CARTESIAN_POINT('',(0.615,1.60000000894069,0.1));
#5169=CARTESIAN_POINT('',(0.615,2.,0.));
#5170=CARTESIAN_POINT('Origin',(0.385,1.60000000894069,0.));
#5171=CARTESIAN_POINT('',(0.385,1.60000000894069,0.1));
#5172=CARTESIAN_POINT('',(0.385,1.60000000894069,0.));
#5173=CARTESIAN_POINT('',(0.385,1.60000000894069,0.1));
#5174=CARTESIAN_POINT('Origin',(0.385,2.,0.));
#5175=CARTESIAN_POINT('',(0.385,2.,0.1));
#5176=CARTESIAN_POINT('',(0.385,2.,0.));
#5177=CARTESIAN_POINT('',(0.385,2.,0.1));
#5178=CARTESIAN_POINT('Origin',(0.5,1.80000000447035,0.1));
#5179=CARTESIAN_POINT('',(1.25,2.,0.1));
#5180=CARTESIAN_POINT('Origin',(-0.385,1.60000000894069,0.));
#5181=CARTESIAN_POINT('',(-0.385,1.60000000894069,0.1));
#5182=CARTESIAN_POINT('',(-0.385,1.60000000894069,0.));
#5183=CARTESIAN_POINT('',(-0.385,2.,0.1));
#5184=CARTESIAN_POINT('',(-0.385,1.60000000894069,0.1));
#5185=CARTESIAN_POINT('',(-0.385,2.,0.));
#5186=CARTESIAN_POINT('Origin',(-0.615,1.60000000894069,0.));
#5187=CARTESIAN_POINT('',(-0.615,1.60000000894069,0.1));
#5188=CARTESIAN_POINT('',(-0.615,1.60000000894069,0.));
#5189=CARTESIAN_POINT('',(-0.615,1.60000000894069,0.1));
#5190=CARTESIAN_POINT('Origin',(-0.615,2.,0.));
#5191=CARTESIAN_POINT('',(-0.615,2.,0.1));
#5192=CARTESIAN_POINT('',(-0.615,2.,0.));
#5193=CARTESIAN_POINT('',(-0.615,2.,0.1));
#5194=CARTESIAN_POINT('Origin',(-0.5,1.80000000447035,0.1));
#5195=CARTESIAN_POINT('',(0.75,2.,0.1));
#5196=CARTESIAN_POINT('Origin',(1.115,1.60000000894069,0.));
#5197=CARTESIAN_POINT('',(1.115,1.60000000894069,0.1));
#5198=CARTESIAN_POINT('',(1.115,1.60000000894069,0.));
#5199=CARTESIAN_POINT('',(1.115,2.,0.1));
#5200=CARTESIAN_POINT('',(1.115,1.60000000894069,0.1));
#5201=CARTESIAN_POINT('',(1.115,2.,0.));
#5202=CARTESIAN_POINT('Origin',(0.885,1.60000000894069,0.));
#5203=CARTESIAN_POINT('',(0.885,1.60000000894069,0.1));
#5204=CARTESIAN_POINT('',(0.885,1.60000000894069,0.));
#5205=CARTESIAN_POINT('',(0.885,1.60000000894069,0.1));
#5206=CARTESIAN_POINT('Origin',(0.885,2.,0.));
#5207=CARTESIAN_POINT('',(0.885,2.,0.1));
#5208=CARTESIAN_POINT('',(0.885,2.,0.));
#5209=CARTESIAN_POINT('',(0.885,2.,0.1));
#5210=CARTESIAN_POINT('Origin',(1.,1.80000000447035,0.1));
#5211=CARTESIAN_POINT('',(1.5,2.,0.1));
#5212=CARTESIAN_POINT('Origin',(-0.885,1.60000000894069,0.));
#5213=CARTESIAN_POINT('',(-0.885,1.60000000894069,0.1));
#5214=CARTESIAN_POINT('',(-0.885,1.60000000894069,0.));
#5215=CARTESIAN_POINT('',(-0.885,2.,0.1));
#5216=CARTESIAN_POINT('',(-0.885,1.60000000894069,0.1));
#5217=CARTESIAN_POINT('',(-0.885,2.,0.));
#5218=CARTESIAN_POINT('Origin',(-1.115,1.60000000894069,0.));
#5219=CARTESIAN_POINT('',(-1.115,1.60000000894069,0.1));
#5220=CARTESIAN_POINT('',(-1.115,1.60000000894069,0.));
#5221=CARTESIAN_POINT('',(-1.115,1.60000000894069,0.1));
#5222=CARTESIAN_POINT('Origin',(-1.115,2.,0.));
#5223=CARTESIAN_POINT('',(-1.115,2.,0.1));
#5224=CARTESIAN_POINT('',(-1.115,2.,0.));
#5225=CARTESIAN_POINT('',(-1.115,2.,0.1));
#5226=CARTESIAN_POINT('Origin',(-1.,1.80000000447035,0.1));
#5227=CARTESIAN_POINT('',(0.5,2.,0.1));
#5228=CARTESIAN_POINT('Origin',(2.,2.,0.));
#5229=CARTESIAN_POINT('',(-2.,2.,0.8));
#5230=CARTESIAN_POINT('',(-2.,2.,0.));
#5231=CARTESIAN_POINT('',(2.,2.,0.8));
#5232=CARTESIAN_POINT('',(-2.,2.,0.8));
#5233=CARTESIAN_POINT('',(2.,2.,0.));
#5234=CARTESIAN_POINT('Origin',(-1.6,-1.115,0.));
#5235=CARTESIAN_POINT('',(-2.,-1.115,0.1));
#5236=CARTESIAN_POINT('',(-2.,-1.115,0.));
#5237=CARTESIAN_POINT('',(-1.6,-1.115,0.1));
#5238=CARTESIAN_POINT('',(-1.6,-1.115,0.1));
#5239=CARTESIAN_POINT('',(-1.6,-1.115,0.));
#5240=CARTESIAN_POINT('Origin',(-1.6,-0.885000000000001,0.));
#5241=CARTESIAN_POINT('',(-1.6,-0.885000000000001,0.1));
#5242=CARTESIAN_POINT('',(-1.6,-0.885000000000001,0.1));
#5243=CARTESIAN_POINT('',(-1.6,-0.885000000000001,0.));
#5244=CARTESIAN_POINT('Origin',(-2.,-0.885000000000001,0.));
#5245=CARTESIAN_POINT('',(-2.,-0.885000000000001,0.1));
#5246=CARTESIAN_POINT('',(-2.,-0.885000000000001,0.1));
#5247=CARTESIAN_POINT('',(-2.,-0.885000000000001,0.));
#5248=CARTESIAN_POINT('Origin',(-1.8,-1.,0.1));
#5249=CARTESIAN_POINT('',(-2.,0.499999999999998,0.1));
#5250=CARTESIAN_POINT('Origin',(-1.6,0.114999999999999,0.));
#5251=CARTESIAN_POINT('',(-1.6,-0.115000000000001,0.1));
#5252=CARTESIAN_POINT('',(-1.6,-0.115000000000001,0.));
#5253=CARTESIAN_POINT('',(-1.6,0.114999999999999,0.1));
#5254=CARTESIAN_POINT('',(-1.6,0.114999999999999,0.1));
#5255=CARTESIAN_POINT('',(-1.6,0.114999999999999,0.));
#5256=CARTESIAN_POINT('Origin',(-2.,0.114999999999999,0.));
#5257=CARTESIAN_POINT('',(-2.,0.114999999999999,0.1));
#5258=CARTESIAN_POINT('',(-2.,0.114999999999999,0.1));
#5259=CARTESIAN_POINT('',(-2.,0.114999999999998,0.));
#5260=CARTESIAN_POINT('Origin',(-1.6,-0.115000000000001,0.));
#5261=CARTESIAN_POINT('',(-2.,-0.115000000000001,0.1));
#5262=CARTESIAN_POINT('',(-2.,-0.115000000000001,0.));
#5263=CARTESIAN_POINT('',(-1.6,-0.115000000000001,0.1));
#5264=CARTESIAN_POINT('Origin',(-1.8,-1.41206490944512E-15,0.1));
#5265=CARTESIAN_POINT('',(-2.,0.999999999999998,0.1));
#5266=CARTESIAN_POINT('Origin',(-1.6,1.115,0.));
#5267=CARTESIAN_POINT('',(-1.6,0.884999999999999,0.1));
#5268=CARTESIAN_POINT('',(-1.6,0.884999999999999,0.));
#5269=CARTESIAN_POINT('',(-1.6,1.115,0.1));
#5270=CARTESIAN_POINT('',(-1.6,1.115,0.1));
#5271=CARTESIAN_POINT('',(-1.6,1.115,0.));
#5272=CARTESIAN_POINT('Origin',(-2.,1.115,0.));
#5273=CARTESIAN_POINT('',(-2.,1.115,0.1));
#5274=CARTESIAN_POINT('',(-2.,1.115,0.1));
#5275=CARTESIAN_POINT('',(-2.,1.115,0.));
#5276=CARTESIAN_POINT('Origin',(-1.6,0.884999999999999,0.));
#5277=CARTESIAN_POINT('',(-2.,0.884999999999999,0.1));
#5278=CARTESIAN_POINT('',(-2.,0.884999999999999,0.));
#5279=CARTESIAN_POINT('',(-1.6,0.884999999999999,0.1));
#5280=CARTESIAN_POINT('Origin',(-1.8,0.999999999999999,0.1));
#5281=CARTESIAN_POINT('',(-2.,1.5,0.1));
#5282=CARTESIAN_POINT('Origin',(-1.6,0.614999999999999,0.));
#5283=CARTESIAN_POINT('',(-1.6,0.384999999999999,0.1));
#5284=CARTESIAN_POINT('',(-1.6,0.384999999999999,0.));
#5285=CARTESIAN_POINT('',(-1.6,0.614999999999999,0.1));
#5286=CARTESIAN_POINT('',(-1.6,0.614999999999999,0.1));
#5287=CARTESIAN_POINT('',(-1.6,0.614999999999999,0.));
#5288=CARTESIAN_POINT('Origin',(-2.,0.614999999999999,0.));
#5289=CARTESIAN_POINT('',(-2.,0.614999999999999,0.1));
#5290=CARTESIAN_POINT('',(-2.,0.614999999999999,0.1));
#5291=CARTESIAN_POINT('',(-2.,0.614999999999999,0.));
#5292=CARTESIAN_POINT('Origin',(-1.6,0.384999999999999,0.));
#5293=CARTESIAN_POINT('',(-2.,0.384999999999999,0.1));
#5294=CARTESIAN_POINT('',(-2.,0.384999999999999,0.));
#5295=CARTESIAN_POINT('',(-1.6,0.384999999999999,0.1));
#5296=CARTESIAN_POINT('Origin',(-1.8,0.499999999999999,0.1));
#5297=CARTESIAN_POINT('',(-2.,1.25,0.1));
#5298=CARTESIAN_POINT('Origin',(-1.6,-0.615000000000001,0.));
#5299=CARTESIAN_POINT('',(-2.,-0.615000000000001,0.1));
#5300=CARTESIAN_POINT('',(-2.,-0.615000000000001,0.));
#5301=CARTESIAN_POINT('',(-1.6,-0.615000000000001,0.1));
#5302=CARTESIAN_POINT('',(-1.6,-0.615000000000001,0.1));
#5303=CARTESIAN_POINT('',(-1.6,-0.615000000000001,0.));
#5304=CARTESIAN_POINT('Origin',(-1.6,-0.385000000000001,0.));
#5305=CARTESIAN_POINT('',(-1.6,-0.385000000000001,0.1));
#5306=CARTESIAN_POINT('',(-1.6,-0.385000000000001,0.1));
#5307=CARTESIAN_POINT('',(-1.6,-0.385000000000001,0.));
#5308=CARTESIAN_POINT('Origin',(-2.,-0.385000000000002,0.));
#5309=CARTESIAN_POINT('',(-2.,-0.385000000000002,0.1));
#5310=CARTESIAN_POINT('',(-2.,-0.385000000000002,0.1));
#5311=CARTESIAN_POINT('',(-2.,-0.385000000000001,0.));
#5312=CARTESIAN_POINT('Origin',(-1.8,-0.500000000000001,0.1));
#5313=CARTESIAN_POINT('',(-2.,0.749999999999998,0.1));
#5314=CARTESIAN_POINT('Origin',(1.6,0.114999999999999,0.));
#5315=CARTESIAN_POINT('',(1.6,0.114999999999999,0.1));
#5316=CARTESIAN_POINT('',(1.6,0.114999999999999,0.));
#5317=CARTESIAN_POINT('',(1.6,-0.115000000000001,0.1));
#5318=CARTESIAN_POINT('',(1.6,0.114999999999999,0.1));
#5319=CARTESIAN_POINT('',(1.6,-0.115000000000001,0.));
#5320=CARTESIAN_POINT('Origin',(2.,0.114999999999999,0.));
#5321=CARTESIAN_POINT('',(2.,0.114999999999999,0.1));
#5322=CARTESIAN_POINT('',(2.,0.114999999999999,0.));
#5323=CARTESIAN_POINT('',(2.,0.114999999999999,0.1));
#5324=CARTESIAN_POINT('Origin',(1.6,-0.115000000000001,0.));
#5325=CARTESIAN_POINT('',(2.,-0.115000000000001,0.1));
#5326=CARTESIAN_POINT('',(1.6,-0.115000000000001,0.1));
#5327=CARTESIAN_POINT('',(2.,-0.115000000000001,0.));
#5328=CARTESIAN_POINT('Origin',(1.8,-1.16226472890446E-15,0.1));
#5329=CARTESIAN_POINT('',(2.,-1.,0.1));
#5330=CARTESIAN_POINT('Origin',(1.6,0.614999999999999,0.));
#5331=CARTESIAN_POINT('',(1.6,0.614999999999999,0.1));
#5332=CARTESIAN_POINT('',(1.6,0.614999999999999,0.));
#5333=CARTESIAN_POINT('',(1.6,0.384999999999999,0.1));
#5334=CARTESIAN_POINT('',(1.6,0.614999999999999,0.1));
#5335=CARTESIAN_POINT('',(1.6,0.384999999999999,0.));
#5336=CARTESIAN_POINT('Origin',(2.,0.614999999999999,0.));
#5337=CARTESIAN_POINT('',(2.,0.614999999999999,0.1));
#5338=CARTESIAN_POINT('',(2.,0.614999999999999,0.));
#5339=CARTESIAN_POINT('',(2.,0.614999999999999,0.1));
#5340=CARTESIAN_POINT('Origin',(1.6,0.384999999999999,0.));
#5341=CARTESIAN_POINT('',(2.,0.384999999999999,0.1));
#5342=CARTESIAN_POINT('',(1.6,0.384999999999999,0.1));
#5343=CARTESIAN_POINT('',(2.,0.384999999999999,0.));
#5344=CARTESIAN_POINT('Origin',(1.8,0.499999999999999,0.1));
#5345=CARTESIAN_POINT('',(2.,-0.750000000000002,0.1));
#5346=CARTESIAN_POINT('Origin',(1.6,-0.615000000000001,0.));
#5347=CARTESIAN_POINT('',(1.6,-0.615000000000001,0.1));
#5348=CARTESIAN_POINT('',(1.6,-0.615000000000001,0.));
#5349=CARTESIAN_POINT('',(2.,-0.615000000000001,0.1));
#5350=CARTESIAN_POINT('',(1.6,-0.615000000000001,0.1));
#5351=CARTESIAN_POINT('',(2.,-0.615000000000001,0.));
#5352=CARTESIAN_POINT('Origin',(1.6,-0.385000000000001,0.));
#5353=CARTESIAN_POINT('',(1.6,-0.385000000000001,0.1));
#5354=CARTESIAN_POINT('',(1.6,-0.385000000000001,0.));
#5355=CARTESIAN_POINT('',(1.6,-0.385000000000001,0.1));
#5356=CARTESIAN_POINT('Origin',(2.,-0.385000000000001,0.));
#5357=CARTESIAN_POINT('',(2.,-0.385000000000001,0.1));
#5358=CARTESIAN_POINT('',(2.,-0.385000000000001,0.));
#5359=CARTESIAN_POINT('',(2.,-0.385000000000001,0.1));
#5360=CARTESIAN_POINT('Origin',(1.8,-0.500000000000001,0.1));
#5361=CARTESIAN_POINT('',(2.,-1.25,0.1));
#5362=CARTESIAN_POINT('Origin',(1.6,1.115,0.));
#5363=CARTESIAN_POINT('',(1.6,1.115,0.1));
#5364=CARTESIAN_POINT('',(1.6,1.115,0.));
#5365=CARTESIAN_POINT('',(1.6,0.884999999999999,0.1));
#5366=CARTESIAN_POINT('',(1.6,1.115,0.1));
#5367=CARTESIAN_POINT('',(1.6,0.884999999999999,0.));
#5368=CARTESIAN_POINT('Origin',(2.,1.115,0.));
#5369=CARTESIAN_POINT('',(2.,1.115,0.1));
#5370=CARTESIAN_POINT('',(2.,1.115,0.));
#5371=CARTESIAN_POINT('',(2.,1.115,0.1));
#5372=CARTESIAN_POINT('Origin',(1.6,0.884999999999999,0.));
#5373=CARTESIAN_POINT('',(2.,0.884999999999999,0.1));
#5374=CARTESIAN_POINT('',(1.6,0.884999999999999,0.1));
#5375=CARTESIAN_POINT('',(2.,0.884999999999999,0.));
#5376=CARTESIAN_POINT('Origin',(1.8,0.999999999999999,0.1));
#5377=CARTESIAN_POINT('',(2.,-0.500000000000001,0.1));
#5378=CARTESIAN_POINT('Origin',(1.6,-1.115,0.));
#5379=CARTESIAN_POINT('',(1.6,-1.115,0.1));
#5380=CARTESIAN_POINT('',(1.6,-1.115,0.));
#5381=CARTESIAN_POINT('',(2.,-1.115,0.1));
#5382=CARTESIAN_POINT('',(1.6,-1.115,0.1));
#5383=CARTESIAN_POINT('',(2.,-1.115,0.));
#5384=CARTESIAN_POINT('Origin',(1.6,-0.885000000000001,0.));
#5385=CARTESIAN_POINT('',(1.6,-0.885000000000001,0.1));
#5386=CARTESIAN_POINT('',(1.6,-0.885000000000001,0.));
#5387=CARTESIAN_POINT('',(1.6,-0.885000000000001,0.1));
#5388=CARTESIAN_POINT('Origin',(2.,-0.885000000000001,0.));
#5389=CARTESIAN_POINT('',(2.,-0.885000000000001,0.1));
#5390=CARTESIAN_POINT('',(2.,-0.885000000000001,0.));
#5391=CARTESIAN_POINT('',(2.,-0.885000000000001,0.1));
#5392=CARTESIAN_POINT('Origin',(1.8,-1.,0.1));
#5393=CARTESIAN_POINT('',(2.,-1.5,0.1));
#5394=CARTESIAN_POINT('Origin',(2.,-2.,0.));
#5395=CARTESIAN_POINT('',(2.,2.,0.8));
#5396=CARTESIAN_POINT('Origin',(-1.49999996647239,1.49999996647239,0.8));
#5397=CARTESIAN_POINT('',(-1.62499996647239,1.49999996647239,0.8));
#5398=CARTESIAN_POINT('Origin',(-1.49999996647239,1.49999996647239,0.8));
#5399=CARTESIAN_POINT('',(-1.62499996647239,1.49999996647239,0.7));
#5400=CARTESIAN_POINT('',(-1.62499996647239,1.49999996647239,0.8));
#5401=CARTESIAN_POINT('Origin',(-1.49999996647239,1.49999996647239,0.7));
#5402=CARTESIAN_POINT('Origin',(-1.49999996647239,1.49999996647239,0.7));
#5403=CARTESIAN_POINT('Origin',(-2.,2.,0.));
#5404=CARTESIAN_POINT('',(-2.,-2.,0.8));
#5405=CARTESIAN_POINT('Origin',(-2.77555756156289E-16,-2.22044604925031E-15,
0.8));
#5406=CARTESIAN_POINT('',(0.,0.,0.));
#5407=CARTESIAN_POINT('Origin',(0.615,1.60000000894069,0.1));
#5408=CARTESIAN_POINT('',(0.385,1.60000000894069,0.1));
#5409=CARTESIAN_POINT('',(0.615,1.60000000894069,0.1));
#5410=CARTESIAN_POINT('',(0.385,1.60000000894069,0.1));
#5411=CARTESIAN_POINT('',(0.385,1.60000000894069,0.));
#5412=CARTESIAN_POINT('',(0.385,1.60000000894069,0.1));
#5413=CARTESIAN_POINT('',(0.615,1.60000000894069,0.));
#5414=CARTESIAN_POINT('',(0.385,1.60000000894069,0.));
#5415=CARTESIAN_POINT('',(0.615,1.60000000894069,0.1));
#5416=CARTESIAN_POINT('Origin',(0.615,2.,0.1));
#5417=CARTESIAN_POINT('',(0.615,2.,0.1));
#5418=CARTESIAN_POINT('',(0.615,1.60000000894069,0.1));
#5419=CARTESIAN_POINT('',(0.615,2.,0.));
#5420=CARTESIAN_POINT('',(0.615,1.60000000894069,0.));
#5421=CARTESIAN_POINT('',(0.615,2.,0.1));
#5422=CARTESIAN_POINT('Origin',(0.385,2.,0.1));
#5423=CARTESIAN_POINT('',(0.385,2.,0.1));
#5424=CARTESIAN_POINT('',(1.25,2.,0.1));
#5425=CARTESIAN_POINT('',(0.385,2.,0.));
#5426=CARTESIAN_POINT('',(1.25,2.,0.));
#5427=CARTESIAN_POINT('',(0.385,2.,0.1));
#5428=CARTESIAN_POINT('Origin',(0.385,1.60000000894069,0.1));
#5429=CARTESIAN_POINT('',(0.385,2.,0.1));
#5430=CARTESIAN_POINT('',(0.385,2.,0.));
#5431=CARTESIAN_POINT('Origin',(0.5,1.80000000447035,0.));
#5432=CARTESIAN_POINT('Origin',(0.5,1.80000000447035,0.1));
#5433=CARTESIAN_POINT('Origin',(-0.385,1.60000000894069,0.1));
#5434=CARTESIAN_POINT('',(-0.615,1.60000000894069,0.1));
#5435=CARTESIAN_POINT('',(-0.385,1.60000000894069,0.1));
#5436=CARTESIAN_POINT('',(-0.615,1.60000000894069,0.1));
#5437=CARTESIAN_POINT('',(-0.615,1.60000000894069,0.));
#5438=CARTESIAN_POINT('',(-0.615,1.60000000894069,0.1));
#5439=CARTESIAN_POINT('',(-0.385,1.60000000894069,0.));
#5440=CARTESIAN_POINT('',(-0.615,1.60000000894069,0.));
#5441=CARTESIAN_POINT('',(-0.385,1.60000000894069,0.1));
#5442=CARTESIAN_POINT('Origin',(-0.385,2.,0.1));
#5443=CARTESIAN_POINT('',(-0.385,2.,0.1));
#5444=CARTESIAN_POINT('',(-0.385,1.60000000894069,0.1));
#5445=CARTESIAN_POINT('',(-0.385,2.,0.));
#5446=CARTESIAN_POINT('',(-0.385,1.60000000894069,0.));
#5447=CARTESIAN_POINT('',(-0.385,2.,0.1));
#5448=CARTESIAN_POINT('Origin',(-0.615,2.,0.1));
#5449=CARTESIAN_POINT('',(-0.615,2.,0.1));
#5450=CARTESIAN_POINT('',(0.75,2.,0.1));
#5451=CARTESIAN_POINT('',(-0.615,2.,0.));
#5452=CARTESIAN_POINT('',(0.75,2.,0.));
#5453=CARTESIAN_POINT('',(-0.615,2.,0.1));
#5454=CARTESIAN_POINT('Origin',(-0.615,1.60000000894069,0.1));
#5455=CARTESIAN_POINT('',(-0.615,2.,0.1));
#5456=CARTESIAN_POINT('',(-0.615,2.,0.));
#5457=CARTESIAN_POINT('Origin',(-0.5,1.80000000447035,0.));
#5458=CARTESIAN_POINT('Origin',(-0.5,1.80000000447035,0.1));
#5459=CARTESIAN_POINT('Origin',(-1.6,1.115,0.1));
#5460=CARTESIAN_POINT('',(-1.6,1.115,0.1));
#5461=CARTESIAN_POINT('',(-1.6,0.884999999999999,0.1));
#5462=CARTESIAN_POINT('',(-1.6,1.115,0.1));
#5463=CARTESIAN_POINT('',(-1.6,0.884999999999999,0.));
#5464=CARTESIAN_POINT('',(-1.6,0.884999999999999,0.1));
#5465=CARTESIAN_POINT('',(-1.6,1.115,0.));
#5466=CARTESIAN_POINT('',(-1.6,1.115,0.));
#5467=CARTESIAN_POINT('',(-1.6,1.115,0.1));
#5468=CARTESIAN_POINT('Origin',(-2.,1.115,0.1));
#5469=CARTESIAN_POINT('',(-2.,1.115,0.1));
#5470=CARTESIAN_POINT('',(-2.,1.115,0.1));
#5471=CARTESIAN_POINT('',(-2.,1.115,0.));
#5472=CARTESIAN_POINT('',(-2.,1.115,0.));
#5473=CARTESIAN_POINT('',(-2.,1.115,0.1));
#5474=CARTESIAN_POINT('Origin',(-2.,0.884999999999999,0.1));
#5475=CARTESIAN_POINT('',(-2.,0.884999999999999,0.1));
#5476=CARTESIAN_POINT('',(-2.,1.5,0.1));
#5477=CARTESIAN_POINT('',(-2.,0.884999999999999,0.));
#5478=CARTESIAN_POINT('',(-2.,1.5,0.));
#5479=CARTESIAN_POINT('',(-2.,0.884999999999999,0.1));
#5480=CARTESIAN_POINT('Origin',(-1.6,0.884999999999999,0.1));
#5481=CARTESIAN_POINT('',(-1.6,0.884999999999999,0.1));
#5482=CARTESIAN_POINT('',(-1.6,0.884999999999999,0.));
#5483=CARTESIAN_POINT('Origin',(-1.8,0.999999999999999,0.));
#5484=CARTESIAN_POINT('Origin',(-1.8,0.999999999999999,0.1));
#5485=CARTESIAN_POINT('Origin',(-1.6,0.114999999999999,0.1));
#5486=CARTESIAN_POINT('',(-1.6,0.114999999999999,0.1));
#5487=CARTESIAN_POINT('',(-1.6,-0.115000000000001,0.1));
#5488=CARTESIAN_POINT('',(-1.6,0.114999999999999,0.1));
#5489=CARTESIAN_POINT('',(-1.6,-0.115000000000001,0.));
#5490=CARTESIAN_POINT('',(-1.6,-0.115000000000001,0.1));
#5491=CARTESIAN_POINT('',(-1.6,0.114999999999999,0.));
#5492=CARTESIAN_POINT('',(-1.6,0.114999999999999,0.));
#5493=CARTESIAN_POINT('',(-1.6,0.114999999999999,0.1));
#5494=CARTESIAN_POINT('Origin',(-2.,0.114999999999999,0.1));
#5495=CARTESIAN_POINT('',(-2.,0.114999999999999,0.1));
#5496=CARTESIAN_POINT('',(-2.,0.114999999999999,0.1));
#5497=CARTESIAN_POINT('',(-2.,0.114999999999999,0.));
#5498=CARTESIAN_POINT('',(-2.,0.114999999999999,0.));
#5499=CARTESIAN_POINT('',(-2.,0.114999999999999,0.1));
#5500=CARTESIAN_POINT('Origin',(-2.,-0.115000000000001,0.1));
#5501=CARTESIAN_POINT('',(-2.,-0.115000000000001,0.1));
#5502=CARTESIAN_POINT('',(-2.,0.999999999999998,0.1));
#5503=CARTESIAN_POINT('',(-2.,-0.115000000000001,0.));
#5504=CARTESIAN_POINT('',(-2.,0.999999999999998,0.));
#5505=CARTESIAN_POINT('',(-2.,-0.115000000000001,0.1));
#5506=CARTESIAN_POINT('Origin',(-1.6,-0.115000000000001,0.1));
#5507=CARTESIAN_POINT('',(-1.6,-0.115000000000001,0.1));
#5508=CARTESIAN_POINT('',(-1.6,-0.115000000000001,0.));
#5509=CARTESIAN_POINT('Origin',(-1.8,-1.40512601554121E-15,0.));
#5510=CARTESIAN_POINT('Origin',(-1.8,-1.41206490944512E-15,0.1));
#5511=CARTESIAN_POINT('Origin',(-2.,-1.115,0.1));
#5512=CARTESIAN_POINT('',(-2.,-0.885000000000001,0.1));
#5513=CARTESIAN_POINT('',(-2.,-1.115,0.1));
#5514=CARTESIAN_POINT('',(-2.,0.499999999999998,0.1));
#5515=CARTESIAN_POINT('',(-2.,-0.885000000000001,0.));
#5516=CARTESIAN_POINT('',(-2.,-0.885000000000001,0.1));
#5517=CARTESIAN_POINT('',(-2.,-1.115,0.));
#5518=CARTESIAN_POINT('',(-2.,0.499999999999998,0.));
#5519=CARTESIAN_POINT('',(-2.,-1.115,0.1));
#5520=CARTESIAN_POINT('Origin',(-1.6,-1.115,0.1));
#5521=CARTESIAN_POINT('',(-1.6,-1.115,0.1));
#5522=CARTESIAN_POINT('',(-1.6,-1.115,0.1));
#5523=CARTESIAN_POINT('',(-1.6,-1.115,0.));
#5524=CARTESIAN_POINT('',(-1.6,-1.115,0.));
#5525=CARTESIAN_POINT('',(-1.6,-1.115,0.1));
#5526=CARTESIAN_POINT('Origin',(-1.6,-0.885000000000001,0.1));
#5527=CARTESIAN_POINT('',(-1.6,-0.885000000000001,0.1));
#5528=CARTESIAN_POINT('',(-1.6,-0.885000000000001,0.1));
#5529=CARTESIAN_POINT('',(-1.6,-0.885000000000001,0.));
#5530=CARTESIAN_POINT('',(-1.6,-0.885000000000001,0.));
#5531=CARTESIAN_POINT('',(-1.6,-0.885000000000001,0.1));
#5532=CARTESIAN_POINT('Origin',(-2.,-0.885000000000001,0.1));
#5533=CARTESIAN_POINT('',(-2.,-0.885000000000001,0.1));
#5534=CARTESIAN_POINT('',(-2.,-0.885000000000001,0.));
#5535=CARTESIAN_POINT('Origin',(-1.8,-1.,0.));
#5536=CARTESIAN_POINT('Origin',(-1.8,-1.,0.1));
#5537=CARTESIAN_POINT('Origin',(-0.385,-2.,0.1));
#5538=CARTESIAN_POINT('',(-0.385,-2.,0.1));
#5539=CARTESIAN_POINT('',(-0.615,-2.,0.1));
#5540=CARTESIAN_POINT('',(-1.25,-2.,0.1));
#5541=CARTESIAN_POINT('',(-0.615,-2.,0.));
#5542=CARTESIAN_POINT('',(-0.615,-2.,0.1));
#5543=CARTESIAN_POINT('',(-0.385,-2.,0.));
#5544=CARTESIAN_POINT('',(-1.25,-2.,0.));
#5545=CARTESIAN_POINT('',(-0.385,-2.,0.1));
#5546=CARTESIAN_POINT('Origin',(-0.385,-1.6000000089407,0.1));
#5547=CARTESIAN_POINT('',(-0.385,-1.6000000089407,0.1));
#5548=CARTESIAN_POINT('',(-0.385,-1.6000000089407,0.1));
#5549=CARTESIAN_POINT('',(-0.385,-1.6000000089407,0.));
#5550=CARTESIAN_POINT('',(-0.385,-1.6000000089407,0.));
#5551=CARTESIAN_POINT('',(-0.385,-1.6000000089407,0.1));
#5552=CARTESIAN_POINT('Origin',(-0.615,-1.6000000089407,0.1));
#5553=CARTESIAN_POINT('',(-0.615,-1.6000000089407,0.1));
#5554=CARTESIAN_POINT('',(-0.615,-1.6000000089407,0.1));
#5555=CARTESIAN_POINT('',(-0.615,-1.6000000089407,0.));
#5556=CARTESIAN_POINT('',(-0.615,-1.6000000089407,0.));
#5557=CARTESIAN_POINT('',(-0.615,-1.6000000089407,0.1));
#5558=CARTESIAN_POINT('Origin',(-0.615,-2.,0.1));
#5559=CARTESIAN_POINT('',(-0.615,-2.,0.1));
#5560=CARTESIAN_POINT('',(-0.615,-2.,0.));
#5561=CARTESIAN_POINT('Origin',(-0.5,-1.80000000447035,0.));
#5562=CARTESIAN_POINT('Origin',(-0.5,-1.80000000447035,0.1));
#5563=CARTESIAN_POINT('Origin',(0.615,-2.,0.1));
#5564=CARTESIAN_POINT('',(0.615,-2.,0.1));
#5565=CARTESIAN_POINT('',(0.385,-2.,0.1));
#5566=CARTESIAN_POINT('',(-0.75,-2.,0.1));
#5567=CARTESIAN_POINT('',(0.385,-2.,0.));
#5568=CARTESIAN_POINT('',(0.385,-2.,0.1));
#5569=CARTESIAN_POINT('',(0.615,-2.,0.));
#5570=CARTESIAN_POINT('',(-0.75,-2.,0.));
#5571=CARTESIAN_POINT('',(0.615,-2.,0.1));
#5572=CARTESIAN_POINT('Origin',(0.615,-1.6000000089407,0.1));
#5573=CARTESIAN_POINT('',(0.615,-1.6000000089407,0.1));
#5574=CARTESIAN_POINT('',(0.615,-1.6000000089407,0.1));
#5575=CARTESIAN_POINT('',(0.615,-1.6000000089407,0.));
#5576=CARTESIAN_POINT('',(0.615,-1.6000000089407,0.));
#5577=CARTESIAN_POINT('',(0.615,-1.6000000089407,0.1));
#5578=CARTESIAN_POINT('Origin',(0.385,-1.6000000089407,0.1));
#5579=CARTESIAN_POINT('',(0.385,-1.6000000089407,0.1));
#5580=CARTESIAN_POINT('',(0.385,-1.6000000089407,0.1));
#5581=CARTESIAN_POINT('',(0.385,-1.6000000089407,0.));
#5582=CARTESIAN_POINT('',(0.385,-1.6000000089407,0.));
#5583=CARTESIAN_POINT('',(0.385,-1.6000000089407,0.1));
#5584=CARTESIAN_POINT('Origin',(0.385,-2.,0.1));
#5585=CARTESIAN_POINT('',(0.385,-2.,0.1));
#5586=CARTESIAN_POINT('',(0.385,-2.,0.));
#5587=CARTESIAN_POINT('Origin',(0.5,-1.80000000447035,0.));
#5588=CARTESIAN_POINT('Origin',(0.5,-1.80000000447035,0.1));
#5589=CARTESIAN_POINT('Origin',(1.6,-1.115,0.1));
#5590=CARTESIAN_POINT('',(1.6,-0.885000000000001,0.1));
#5591=CARTESIAN_POINT('',(1.6,-1.115,0.1));
#5592=CARTESIAN_POINT('',(1.6,-0.885000000000001,0.1));
#5593=CARTESIAN_POINT('',(1.6,-0.885000000000001,0.));
#5594=CARTESIAN_POINT('',(1.6,-0.885000000000001,0.1));
#5595=CARTESIAN_POINT('',(1.6,-1.115,0.));
#5596=CARTESIAN_POINT('',(1.6,-0.885000000000001,0.));
#5597=CARTESIAN_POINT('',(1.6,-1.115,0.1));
#5598=CARTESIAN_POINT('Origin',(2.,-1.115,0.1));
#5599=CARTESIAN_POINT('',(2.,-1.115,0.1));
#5600=CARTESIAN_POINT('',(1.6,-1.115,0.1));
#5601=CARTESIAN_POINT('',(2.,-1.115,0.));
#5602=CARTESIAN_POINT('',(1.6,-1.115,0.));
#5603=CARTESIAN_POINT('',(2.,-1.115,0.1));
#5604=CARTESIAN_POINT('Origin',(2.,-0.885000000000001,0.1));
#5605=CARTESIAN_POINT('',(2.,-0.885000000000001,0.1));
#5606=CARTESIAN_POINT('',(2.,-1.5,0.1));
#5607=CARTESIAN_POINT('',(2.,-0.885000000000001,0.));
#5608=CARTESIAN_POINT('',(2.,-1.5,0.));
#5609=CARTESIAN_POINT('',(2.,-0.885000000000001,0.1));
#5610=CARTESIAN_POINT('Origin',(1.6,-0.885000000000001,0.1));
#5611=CARTESIAN_POINT('',(2.,-0.885000000000001,0.1));
#5612=CARTESIAN_POINT('',(2.,-0.885000000000001,0.));
#5613=CARTESIAN_POINT('Origin',(1.8,-1.,0.));
#5614=CARTESIAN_POINT('Origin',(1.8,-1.,0.1));
#5615=CARTESIAN_POINT('Origin',(2.,0.114999999999999,0.1));
#5616=CARTESIAN_POINT('',(2.,-0.115000000000001,0.1));
#5617=CARTESIAN_POINT('',(2.,0.114999999999999,0.1));
#5618=CARTESIAN_POINT('',(2.,-1.,0.1));
#5619=CARTESIAN_POINT('',(2.,-0.115000000000001,0.));
#5620=CARTESIAN_POINT('',(2.,-0.115000000000001,0.1));
#5621=CARTESIAN_POINT('',(2.,0.114999999999999,0.));
#5622=CARTESIAN_POINT('',(2.,-1.,0.));
#5623=CARTESIAN_POINT('',(2.,0.114999999999999,0.1));
#5624=CARTESIAN_POINT('Origin',(1.6,0.114999999999999,0.1));
#5625=CARTESIAN_POINT('',(1.6,0.114999999999999,0.1));
#5626=CARTESIAN_POINT('',(2.,0.114999999999999,0.1));
#5627=CARTESIAN_POINT('',(1.6,0.114999999999999,0.));
#5628=CARTESIAN_POINT('',(2.,0.114999999999999,0.));
#5629=CARTESIAN_POINT('',(1.6,0.114999999999999,0.1));
#5630=CARTESIAN_POINT('Origin',(1.6,-0.115000000000001,0.1));
#5631=CARTESIAN_POINT('',(1.6,-0.115000000000001,0.1));
#5632=CARTESIAN_POINT('',(1.6,0.114999999999999,0.1));
#5633=CARTESIAN_POINT('',(1.6,-0.115000000000001,0.));
#5634=CARTESIAN_POINT('',(1.6,0.114999999999999,0.));
#5635=CARTESIAN_POINT('',(1.6,-0.115000000000001,0.1));
#5636=CARTESIAN_POINT('Origin',(2.,-0.115000000000001,0.1));
#5637=CARTESIAN_POINT('',(1.6,-0.115000000000001,0.1));
#5638=CARTESIAN_POINT('',(1.6,-0.115000000000001,0.));
#5639=CARTESIAN_POINT('Origin',(1.8,-1.16226472890446E-15,0.));
#5640=CARTESIAN_POINT('Origin',(1.8,-1.16226472890446E-15,0.1));
#5641=CARTESIAN_POINT('Origin',(2.,1.115,0.1));
#5642=CARTESIAN_POINT('',(2.,0.884999999999999,0.1));
#5643=CARTESIAN_POINT('',(2.,1.115,0.1));
#5644=CARTESIAN_POINT('',(2.,-0.500000000000001,0.1));
#5645=CARTESIAN_POINT('',(2.,0.884999999999999,0.));
#5646=CARTESIAN_POINT('',(2.,0.884999999999999,0.1));
#5647=CARTESIAN_POINT('',(2.,1.115,0.));
#5648=CARTESIAN_POINT('',(2.,-0.500000000000001,0.));
#5649=CARTESIAN_POINT('',(2.,1.115,0.1));
#5650=CARTESIAN_POINT('Origin',(1.6,1.115,0.1));
#5651=CARTESIAN_POINT('',(1.6,1.115,0.1));
#5652=CARTESIAN_POINT('',(2.,1.115,0.1));
#5653=CARTESIAN_POINT('',(1.6,1.115,0.));
#5654=CARTESIAN_POINT('',(2.,1.115,0.));
#5655=CARTESIAN_POINT('',(1.6,1.115,0.1));
#5656=CARTESIAN_POINT('Origin',(1.6,0.884999999999999,0.1));
#5657=CARTESIAN_POINT('',(1.6,0.884999999999999,0.1));
#5658=CARTESIAN_POINT('',(1.6,1.115,0.1));
#5659=CARTESIAN_POINT('',(1.6,0.884999999999999,0.));
#5660=CARTESIAN_POINT('',(1.6,1.115,0.));
#5661=CARTESIAN_POINT('',(1.6,0.884999999999999,0.1));
#5662=CARTESIAN_POINT('Origin',(2.,0.884999999999999,0.1));
#5663=CARTESIAN_POINT('',(1.6,0.884999999999999,0.1));
#5664=CARTESIAN_POINT('',(1.6,0.884999999999999,0.));
#5665=CARTESIAN_POINT('Origin',(1.8,0.999999999999999,0.));
#5666=CARTESIAN_POINT('Origin',(1.8,0.999999999999999,0.1));
#5667=CARTESIAN_POINT('Origin',(2.,0.614999999999999,0.1));
#5668=CARTESIAN_POINT('',(2.,0.384999999999999,0.1));
#5669=CARTESIAN_POINT('',(2.,0.614999999999999,0.1));
#5670=CARTESIAN_POINT('',(2.,-0.750000000000002,0.1));
#5671=CARTESIAN_POINT('',(2.,0.384999999999999,0.));
#5672=CARTESIAN_POINT('',(2.,0.384999999999999,0.1));
#5673=CARTESIAN_POINT('',(2.,0.614999999999999,0.));
#5674=CARTESIAN_POINT('',(2.,-0.750000000000002,0.));
#5675=CARTESIAN_POINT('',(2.,0.614999999999999,0.1));
#5676=CARTESIAN_POINT('Origin',(1.6,0.614999999999999,0.1));
#5677=CARTESIAN_POINT('',(1.6,0.614999999999999,0.1));
#5678=CARTESIAN_POINT('',(2.,0.614999999999999,0.1));
#5679=CARTESIAN_POINT('',(1.6,0.614999999999999,0.));
#5680=CARTESIAN_POINT('',(2.,0.614999999999999,0.));
#5681=CARTESIAN_POINT('',(1.6,0.614999999999999,0.1));
#5682=CARTESIAN_POINT('Origin',(1.6,0.384999999999999,0.1));
#5683=CARTESIAN_POINT('',(1.6,0.384999999999999,0.1));
#5684=CARTESIAN_POINT('',(1.6,0.614999999999999,0.1));
#5685=CARTESIAN_POINT('',(1.6,0.384999999999999,0.));
#5686=CARTESIAN_POINT('',(1.6,0.614999999999999,0.));
#5687=CARTESIAN_POINT('',(1.6,0.384999999999999,0.1));
#5688=CARTESIAN_POINT('Origin',(2.,0.384999999999999,0.1));
#5689=CARTESIAN_POINT('',(1.6,0.384999999999999,0.1));
#5690=CARTESIAN_POINT('',(1.6,0.384999999999999,0.));
#5691=CARTESIAN_POINT('Origin',(1.8,0.499999999999999,0.));
#5692=CARTESIAN_POINT('Origin',(1.8,0.499999999999999,0.1));
#5693=CARTESIAN_POINT('Origin',(1.6,-0.615000000000001,0.1));
#5694=CARTESIAN_POINT('',(1.6,-0.385000000000001,0.1));
#5695=CARTESIAN_POINT('',(1.6,-0.615000000000001,0.1));
#5696=CARTESIAN_POINT('',(1.6,-0.385000000000001,0.1));
#5697=CARTESIAN_POINT('',(1.6,-0.385000000000001,0.));
#5698=CARTESIAN_POINT('',(1.6,-0.385000000000001,0.1));
#5699=CARTESIAN_POINT('',(1.6,-0.615000000000001,0.));
#5700=CARTESIAN_POINT('',(1.6,-0.385000000000001,0.));
#5701=CARTESIAN_POINT('',(1.6,-0.615000000000001,0.1));
#5702=CARTESIAN_POINT('Origin',(2.,-0.615000000000001,0.1));
#5703=CARTESIAN_POINT('',(2.,-0.615000000000001,0.1));
#5704=CARTESIAN_POINT('',(1.6,-0.615000000000001,0.1));
#5705=CARTESIAN_POINT('',(2.,-0.615000000000001,0.));
#5706=CARTESIAN_POINT('',(1.6,-0.615000000000001,0.));
#5707=CARTESIAN_POINT('',(2.,-0.615000000000001,0.1));
#5708=CARTESIAN_POINT('Origin',(2.,-0.385000000000001,0.1));
#5709=CARTESIAN_POINT('',(2.,-0.385000000000001,0.1));
#5710=CARTESIAN_POINT('',(2.,-1.25,0.1));
#5711=CARTESIAN_POINT('',(2.,-0.385000000000001,0.));
#5712=CARTESIAN_POINT('',(2.,-1.25,0.));
#5713=CARTESIAN_POINT('',(2.,-0.385000000000001,0.1));
#5714=CARTESIAN_POINT('Origin',(1.6,-0.385000000000001,0.1));
#5715=CARTESIAN_POINT('',(2.,-0.385000000000001,0.1));
#5716=CARTESIAN_POINT('',(2.,-0.385000000000001,0.));
#5717=CARTESIAN_POINT('Origin',(1.8,-0.500000000000001,0.));
#5718=CARTESIAN_POINT('Origin',(1.8,-0.500000000000001,0.1));
#5719=CARTESIAN_POINT('Origin',(1.115,-2.,0.1));
#5720=CARTESIAN_POINT('',(1.115,-2.,0.1));
#5721=CARTESIAN_POINT('',(0.885,-2.,0.1));
#5722=CARTESIAN_POINT('',(-0.5,-2.,0.1));
#5723=CARTESIAN_POINT('',(0.885,-2.,0.));
#5724=CARTESIAN_POINT('',(0.885,-2.,0.1));
#5725=CARTESIAN_POINT('',(1.115,-2.,0.));
#5726=CARTESIAN_POINT('',(-0.5,-2.,0.));
#5727=CARTESIAN_POINT('',(1.115,-2.,0.1));
#5728=CARTESIAN_POINT('Origin',(1.115,-1.6000000089407,0.1));
#5729=CARTESIAN_POINT('',(1.115,-1.6000000089407,0.1));
#5730=CARTESIAN_POINT('',(1.115,-1.6000000089407,0.1));
#5731=CARTESIAN_POINT('',(1.115,-1.6000000089407,0.));
#5732=CARTESIAN_POINT('',(1.115,-1.6000000089407,0.));
#5733=CARTESIAN_POINT('',(1.115,-1.6000000089407,0.1));
#5734=CARTESIAN_POINT('Origin',(0.885,-1.6000000089407,0.1));
#5735=CARTESIAN_POINT('',(0.885,-1.6000000089407,0.1));
#5736=CARTESIAN_POINT('',(0.885,-1.6000000089407,0.1));
#5737=CARTESIAN_POINT('',(0.885,-1.6000000089407,0.));
#5738=CARTESIAN_POINT('',(0.885,-1.6000000089407,0.));
#5739=CARTESIAN_POINT('',(0.885,-1.6000000089407,0.1));
#5740=CARTESIAN_POINT('Origin',(0.885,-2.,0.1));
#5741=CARTESIAN_POINT('',(0.885,-2.,0.1));
#5742=CARTESIAN_POINT('',(0.885,-2.,0.));
#5743=CARTESIAN_POINT('Origin',(1.,-1.80000000447035,0.));
#5744=CARTESIAN_POINT('Origin',(1.,-1.80000000447035,0.1));
#5745=CARTESIAN_POINT('Origin',(-0.115,-2.,0.1));
#5746=CARTESIAN_POINT('',(-0.115,-2.,0.1));
#5747=CARTESIAN_POINT('',(-0.115,-1.6000000089407,0.1));
#5748=CARTESIAN_POINT('',(-0.115,-2.,0.1));
#5749=CARTESIAN_POINT('',(-0.115,-1.6000000089407,0.));
#5750=CARTESIAN_POINT('',(-0.115,-1.6000000089407,0.1));
#5751=CARTESIAN_POINT('',(-0.115,-2.,0.));
#5752=CARTESIAN_POINT('',(-0.115,-2.,0.));
#5753=CARTESIAN_POINT('',(-0.115,-2.,0.1));
#5754=CARTESIAN_POINT('Origin',(0.115,-2.,0.1));
#5755=CARTESIAN_POINT('',(0.115,-2.,0.1));
#5756=CARTESIAN_POINT('',(-1.,-2.,0.1));
#5757=CARTESIAN_POINT('',(0.115,-2.,0.));
#5758=CARTESIAN_POINT('',(-1.,-2.,0.));
#5759=CARTESIAN_POINT('',(0.115,-2.,0.1));
#5760=CARTESIAN_POINT('Origin',(0.115,-1.6000000089407,0.1));
#5761=CARTESIAN_POINT('',(0.115,-1.6000000089407,0.1));
#5762=CARTESIAN_POINT('',(0.115,-1.6000000089407,0.1));
#5763=CARTESIAN_POINT('',(0.115,-1.6000000089407,0.));
#5764=CARTESIAN_POINT('',(0.115,-1.6000000089407,0.));
#5765=CARTESIAN_POINT('',(0.115,-1.6000000089407,0.1));
#5766=CARTESIAN_POINT('Origin',(-0.115,-1.6000000089407,0.1));
#5767=CARTESIAN_POINT('',(-0.115,-1.6000000089407,0.1));
#5768=CARTESIAN_POINT('',(-0.115,-1.6000000089407,0.));
#5769=CARTESIAN_POINT('Origin',(0.,-1.80000000447035,0.));
#5770=CARTESIAN_POINT('Origin',(0.,-1.80000000447035,0.1));
#5771=CARTESIAN_POINT('Origin',(-0.885,-2.,0.1));
#5772=CARTESIAN_POINT('',(-0.885,-2.,0.1));
#5773=CARTESIAN_POINT('',(-1.115,-2.,0.1));
#5774=CARTESIAN_POINT('',(-1.5,-2.,0.1));
#5775=CARTESIAN_POINT('',(-1.115,-2.,0.));
#5776=CARTESIAN_POINT('',(-1.115,-2.,0.1));
#5777=CARTESIAN_POINT('',(-0.885,-2.,0.));
#5778=CARTESIAN_POINT('',(-1.5,-2.,0.));
#5779=CARTESIAN_POINT('',(-0.885,-2.,0.1));
#5780=CARTESIAN_POINT('Origin',(-0.885,-1.6000000089407,0.1));
#5781=CARTESIAN_POINT('',(-0.885,-1.6000000089407,0.1));
#5782=CARTESIAN_POINT('',(-0.885,-1.6000000089407,0.1));
#5783=CARTESIAN_POINT('',(-0.885,-1.6000000089407,0.));
#5784=CARTESIAN_POINT('',(-0.885,-1.6000000089407,0.));
#5785=CARTESIAN_POINT('',(-0.885,-1.6000000089407,0.1));
#5786=CARTESIAN_POINT('Origin',(-1.115,-1.6000000089407,0.1));
#5787=CARTESIAN_POINT('',(-1.115,-1.6000000089407,0.1));
#5788=CARTESIAN_POINT('',(-1.115,-1.6000000089407,0.1));
#5789=CARTESIAN_POINT('',(-1.115,-1.6000000089407,0.));
#5790=CARTESIAN_POINT('',(-1.115,-1.6000000089407,0.));
#5791=CARTESIAN_POINT('',(-1.115,-1.6000000089407,0.1));
#5792=CARTESIAN_POINT('Origin',(-1.115,-2.,0.1));
#5793=CARTESIAN_POINT('',(-1.115,-2.,0.1));
#5794=CARTESIAN_POINT('',(-1.115,-2.,0.));
#5795=CARTESIAN_POINT('Origin',(-1.,-1.80000000447035,0.));
#5796=CARTESIAN_POINT('Origin',(-1.,-1.80000000447035,0.1));
#5797=CARTESIAN_POINT('Origin',(-2.,-0.615000000000001,0.1));
#5798=CARTESIAN_POINT('',(-2.,-0.385000000000002,0.1));
#5799=CARTESIAN_POINT('',(-2.,-0.615000000000001,0.1));
#5800=CARTESIAN_POINT('',(-2.,0.749999999999998,0.1));
#5801=CARTESIAN_POINT('',(-2.,-0.385000000000002,0.));
#5802=CARTESIAN_POINT('',(-2.,-0.385000000000002,0.1));
#5803=CARTESIAN_POINT('',(-2.,-0.615000000000001,0.));
#5804=CARTESIAN_POINT('',(-2.,0.749999999999998,0.));
#5805=CARTESIAN_POINT('',(-2.,-0.615000000000001,0.1));
#5806=CARTESIAN_POINT('Origin',(-1.6,-0.615000000000001,0.1));
#5807=CARTESIAN_POINT('',(-1.6,-0.615000000000001,0.1));
#5808=CARTESIAN_POINT('',(-1.6,-0.615000000000001,0.1));
#5809=CARTESIAN_POINT('',(-1.6,-0.615000000000001,0.));
#5810=CARTESIAN_POINT('',(-1.6,-0.615000000000001,0.));
#5811=CARTESIAN_POINT('',(-1.6,-0.615000000000001,0.1));
#5812=CARTESIAN_POINT('Origin',(-1.6,-0.385000000000001,0.1));
#5813=CARTESIAN_POINT('',(-1.6,-0.385000000000001,0.1));
#5814=CARTESIAN_POINT('',(-1.6,-0.385000000000001,0.1));
#5815=CARTESIAN_POINT('',(-1.6,-0.385000000000001,0.));
#5816=CARTESIAN_POINT('',(-1.6,-0.385000000000001,0.));
#5817=CARTESIAN_POINT('',(-1.6,-0.385000000000001,0.1));
#5818=CARTESIAN_POINT('Origin',(-2.,-0.385000000000002,0.1));
#5819=CARTESIAN_POINT('',(-2.,-0.385000000000002,0.1));
#5820=CARTESIAN_POINT('',(-2.,-0.385000000000002,0.));
#5821=CARTESIAN_POINT('Origin',(-1.8,-0.500000000000001,0.));
#5822=CARTESIAN_POINT('Origin',(-1.8,-0.500000000000001,0.1));
#5823=CARTESIAN_POINT('Origin',(-1.6,0.614999999999999,0.1));
#5824=CARTESIAN_POINT('',(-1.6,0.614999999999999,0.1));
#5825=CARTESIAN_POINT('',(-1.6,0.384999999999999,0.1));
#5826=CARTESIAN_POINT('',(-1.6,0.614999999999999,0.1));
#5827=CARTESIAN_POINT('',(-1.6,0.384999999999999,0.));
#5828=CARTESIAN_POINT('',(-1.6,0.384999999999999,0.1));
#5829=CARTESIAN_POINT('',(-1.6,0.614999999999999,0.));
#5830=CARTESIAN_POINT('',(-1.6,0.614999999999999,0.));
#5831=CARTESIAN_POINT('',(-1.6,0.614999999999999,0.1));
#5832=CARTESIAN_POINT('Origin',(-2.,0.614999999999999,0.1));
#5833=CARTESIAN_POINT('',(-2.,0.614999999999999,0.1));
#5834=CARTESIAN_POINT('',(-2.,0.614999999999999,0.1));
#5835=CARTESIAN_POINT('',(-2.,0.614999999999999,0.));
#5836=CARTESIAN_POINT('',(-2.,0.614999999999999,0.));
#5837=CARTESIAN_POINT('',(-2.,0.614999999999999,0.1));
#5838=CARTESIAN_POINT('Origin',(-2.,0.384999999999999,0.1));
#5839=CARTESIAN_POINT('',(-2.,0.384999999999999,0.1));
#5840=CARTESIAN_POINT('',(-2.,1.25,0.1));
#5841=CARTESIAN_POINT('',(-2.,0.384999999999999,0.));
#5842=CARTESIAN_POINT('',(-2.,1.25,0.));
#5843=CARTESIAN_POINT('',(-2.,0.384999999999999,0.1));
#5844=CARTESIAN_POINT('Origin',(-1.6,0.384999999999999,0.1));
#5845=CARTESIAN_POINT('',(-1.6,0.384999999999999,0.1));
#5846=CARTESIAN_POINT('',(-1.6,0.384999999999999,0.));
#5847=CARTESIAN_POINT('Origin',(-1.8,0.499999999999999,0.));
#5848=CARTESIAN_POINT('Origin',(-1.8,0.499999999999999,0.1));
#5849=CARTESIAN_POINT('Origin',(-0.885,1.60000000894069,0.1));
#5850=CARTESIAN_POINT('',(-1.115,1.60000000894069,0.1));
#5851=CARTESIAN_POINT('',(-0.885,1.60000000894069,0.1));
#5852=CARTESIAN_POINT('',(-1.115,1.60000000894069,0.1));
#5853=CARTESIAN_POINT('',(-1.115,1.60000000894069,0.));
#5854=CARTESIAN_POINT('',(-1.115,1.60000000894069,0.1));
#5855=CARTESIAN_POINT('',(-0.885,1.60000000894069,0.));
#5856=CARTESIAN_POINT('',(-1.115,1.60000000894069,0.));
#5857=CARTESIAN_POINT('',(-0.885,1.60000000894069,0.1));
#5858=CARTESIAN_POINT('Origin',(-0.885,2.,0.1));
#5859=CARTESIAN_POINT('',(-0.885,2.,0.1));
#5860=CARTESIAN_POINT('',(-0.885,1.60000000894069,0.1));
#5861=CARTESIAN_POINT('',(-0.885,2.,0.));
#5862=CARTESIAN_POINT('',(-0.885,1.60000000894069,0.));
#5863=CARTESIAN_POINT('',(-0.885,2.,0.1));
#5864=CARTESIAN_POINT('Origin',(-1.115,2.,0.1));
#5865=CARTESIAN_POINT('',(-1.115,2.,0.1));
#5866=CARTESIAN_POINT('',(0.5,2.,0.1));
#5867=CARTESIAN_POINT('',(-1.115,2.,0.));
#5868=CARTESIAN_POINT('',(0.5,2.,0.));
#5869=CARTESIAN_POINT('',(-1.115,2.,0.1));
#5870=CARTESIAN_POINT('Origin',(-1.115,1.60000000894069,0.1));
#5871=CARTESIAN_POINT('',(-1.115,2.,0.1));
#5872=CARTESIAN_POINT('',(-1.115,2.,0.));
#5873=CARTESIAN_POINT('Origin',(-1.,1.80000000447035,0.));
#5874=CARTESIAN_POINT('Origin',(-1.,1.80000000447035,0.1));
#5875=CARTESIAN_POINT('Origin',(0.115,2.,0.1));
#5876=CARTESIAN_POINT('',(0.115,1.60000000894069,0.1));
#5877=CARTESIAN_POINT('',(0.115,2.,0.1));
#5878=CARTESIAN_POINT('',(0.115,1.60000000894069,0.1));
#5879=CARTESIAN_POINT('',(0.115,1.60000000894069,0.));
#5880=CARTESIAN_POINT('',(0.115,1.60000000894069,0.1));
#5881=CARTESIAN_POINT('',(0.115,2.,0.));
#5882=CARTESIAN_POINT('',(0.115,1.60000000894069,0.));
#5883=CARTESIAN_POINT('',(0.115,2.,0.1));
#5884=CARTESIAN_POINT('Origin',(-0.115,2.,0.1));
#5885=CARTESIAN_POINT('',(-0.115,2.,0.1));
#5886=CARTESIAN_POINT('',(1.,2.,0.1));
#5887=CARTESIAN_POINT('',(-0.115,2.,0.));
#5888=CARTESIAN_POINT('',(1.,2.,0.));
#5889=CARTESIAN_POINT('',(-0.115,2.,0.1));
#5890=CARTESIAN_POINT('Origin',(-0.115,1.60000000894069,0.1));
#5891=CARTESIAN_POINT('',(-0.115,1.60000000894069,0.1));
#5892=CARTESIAN_POINT('',(-0.115,2.,0.1));
#5893=CARTESIAN_POINT('',(-0.115,1.60000000894069,0.));
#5894=CARTESIAN_POINT('',(-0.115,2.,0.));
#5895=CARTESIAN_POINT('',(-0.115,1.60000000894069,0.1));
#5896=CARTESIAN_POINT('Origin',(0.115,1.60000000894069,0.1));
#5897=CARTESIAN_POINT('',(-0.115,1.60000000894069,0.1));
#5898=CARTESIAN_POINT('',(-0.115,1.60000000894069,0.));
#5899=CARTESIAN_POINT('Origin',(0.,1.80000000447035,0.));
#5900=CARTESIAN_POINT('Origin',(0.,1.80000000447035,0.1));
#5901=CARTESIAN_POINT('Origin',(1.115,1.60000000894069,0.1));
#5902=CARTESIAN_POINT('',(0.885,1.60000000894069,0.1));
#5903=CARTESIAN_POINT('',(1.115,1.60000000894069,0.1));
#5904=CARTESIAN_POINT('',(0.885,1.60000000894069,0.1));
#5905=CARTESIAN_POINT('',(0.885,1.60000000894069,0.));
#5906=CARTESIAN_POINT('',(0.885,1.60000000894069,0.1));
#5907=CARTESIAN_POINT('',(1.115,1.60000000894069,0.));
#5908=CARTESIAN_POINT('',(0.885,1.60000000894069,0.));
#5909=CARTESIAN_POINT('',(1.115,1.60000000894069,0.1));
#5910=CARTESIAN_POINT('Origin',(1.115,2.,0.1));
#5911=CARTESIAN_POINT('',(1.115,2.,0.1));
#5912=CARTESIAN_POINT('',(1.115,1.60000000894069,0.1));
#5913=CARTESIAN_POINT('',(1.115,2.,0.));
#5914=CARTESIAN_POINT('',(1.115,1.60000000894069,0.));
#5915=CARTESIAN_POINT('',(1.115,2.,0.1));
#5916=CARTESIAN_POINT('Origin',(0.885,2.,0.1));
#5917=CARTESIAN_POINT('',(0.885,2.,0.1));
#5918=CARTESIAN_POINT('',(1.5,2.,0.1));
#5919=CARTESIAN_POINT('',(0.885,2.,0.));
#5920=CARTESIAN_POINT('',(1.5,2.,0.));
#5921=CARTESIAN_POINT('',(0.885,2.,0.1));
#5922=CARTESIAN_POINT('Origin',(0.885,1.60000000894069,0.1));
#5923=CARTESIAN_POINT('',(0.885,2.,0.1));
#5924=CARTESIAN_POINT('',(0.885,2.,0.));
#5925=CARTESIAN_POINT('Origin',(1.,1.80000000447035,0.));
#5926=CARTESIAN_POINT('Origin',(1.,1.80000000447035,0.1));
#5927=CARTESIAN_POINT('',(0.,0.,0.));
#5928=CARTESIAN_POINT('',(0.,0.,0.));
#5929=CARTESIAN_POINT('Origin',(0.,0.,0.));
#5930=UNCERTAINTY_MEASURE_WITH_UNIT(LENGTH_MEASURE(0.01),#5938,
'DISTANCE_ACCURACY_VALUE',
'Maximum model space distance between geometric entities at asserted c
onnectivities');
#5931=UNCERTAINTY_MEASURE_WITH_UNIT(LENGTH_MEASURE(0.01),#5938,
'DISTANCE_ACCURACY_VALUE',
'Maximum model space distance between geometric entities at asserted c
onnectivities');
#5932=UNCERTAINTY_MEASURE_WITH_UNIT(LENGTH_MEASURE(0.01),#5938,
'DISTANCE_ACCURACY_VALUE',
'Maximum model space distance between geometric entities at asserted c
onnectivities');
#5933=UNCERTAINTY_MEASURE_WITH_UNIT(LENGTH_MEASURE(0.01),#5938,
'DISTANCE_ACCURACY_VALUE',
'Maximum model space distance between geometric entities at asserted c
onnectivities');
#5934=(
GEOMETRIC_REPRESENTATION_CONTEXT(3)
GLOBAL_UNCERTAINTY_ASSIGNED_CONTEXT((#5930))
GLOBAL_UNIT_ASSIGNED_CONTEXT((#5938,#5940,#5941))
REPRESENTATION_CONTEXT('','3D')
);
#5935=(
GEOMETRIC_REPRESENTATION_CONTEXT(3)
GLOBAL_UNCERTAINTY_ASSIGNED_CONTEXT((#5931))
GLOBAL_UNIT_ASSIGNED_CONTEXT((#5938,#5940,#5941))
REPRESENTATION_CONTEXT('','3D')
);
#5936=(
GEOMETRIC_REPRESENTATION_CONTEXT(3)
GLOBAL_UNCERTAINTY_ASSIGNED_CONTEXT((#5932))
GLOBAL_UNIT_ASSIGNED_CONTEXT((#5938,#5940,#5941))
REPRESENTATION_CONTEXT('','3D')
);
#5937=(
GEOMETRIC_REPRESENTATION_CONTEXT(3)
GLOBAL_UNCERTAINTY_ASSIGNED_CONTEXT((#5933))
GLOBAL_UNIT_ASSIGNED_CONTEXT((#5938,#5940,#5941))
REPRESENTATION_CONTEXT('','3D')
);
#5938=(
LENGTH_UNIT()
NAMED_UNIT(*)
SI_UNIT(.MILLI.,.METRE.)
);
#5939=(
LENGTH_UNIT()
NAMED_UNIT(*)
SI_UNIT($,.METRE.)
);
#5940=(
NAMED_UNIT(*)
PLANE_ANGLE_UNIT()
SI_UNIT($,.RADIAN.)
);
#5941=(
NAMED_UNIT(*)
SI_UNIT($,.STERADIAN.)
SOLID_ANGLE_UNIT()
);
#5942=SHAPE_DEFINITION_REPRESENTATION(#5945,#5950);
#5943=SHAPE_DEFINITION_REPRESENTATION(#5946,#5951);
#5944=SHAPE_DEFINITION_REPRESENTATION(#5947,#5952);
#5945=PRODUCT_DEFINITION_SHAPE('',$,#5954);
#5946=PRODUCT_DEFINITION_SHAPE('',$,#5955);
#5947=PRODUCT_DEFINITION_SHAPE('',$,#5956);
#5948=PRODUCT_DEFINITION_SHAPE($,$,#20);
#5949=PRODUCT_DEFINITION_SHAPE($,$,#21);
#5950=SHAPE_REPRESENTATION('',(#3750,#3963,#3964),#5934);
#5951=SHAPE_REPRESENTATION('',(#3751),#5935);
#5952=SHAPE_REPRESENTATION('',(#3842),#5936);
#5953=PRODUCT_DEFINITION_CONTEXT('part definition',#5964,'design');
#5954=PRODUCT_DEFINITION('BK2421','BK2421 v2',#5957,#5953);
#5955=PRODUCT_DEFINITION('Corpo ','Corpo ',#5958,#5953);
#5956=PRODUCT_DEFINITION('Pads','Pads',#5959,#5953);
#5957=PRODUCT_DEFINITION_FORMATION('',$,#5966);
#5958=PRODUCT_DEFINITION_FORMATION('',$,#5967);
#5959=PRODUCT_DEFINITION_FORMATION('',$,#5968);
#5960=PRODUCT_RELATED_PRODUCT_CATEGORY('BK2421 v2','BK2421 v2',(#5966));
#5961=PRODUCT_RELATED_PRODUCT_CATEGORY('Corpo ','Corpo ',(#5967));
#5962=PRODUCT_RELATED_PRODUCT_CATEGORY('Pads','Pads',(#5968));
#5963=APPLICATION_PROTOCOL_DEFINITION('international standard',
'automotive_design',2009,#5964);
#5964=APPLICATION_CONTEXT(
'Core Data for Automotive Mechanical Design Process');
#5965=PRODUCT_CONTEXT('part definition',#5964,'mechanical');
#5966=PRODUCT('BK2421','BK2421 v2',$,(#5965));
#5967=PRODUCT('Corpo ','Corpo ',$,(#5965));
#5968=PRODUCT('Pads','Pads',$,(#5965));
#5969=PRESENTATION_STYLE_ASSIGNMENT((#5973));
#5970=PRESENTATION_STYLE_ASSIGNMENT((#5974));
#5971=PRESENTATION_STYLE_ASSIGNMENT((#5975));
#5972=PRESENTATION_STYLE_ASSIGNMENT((NULL_STYLE(.NULL.)));
#5973=SURFACE_STYLE_USAGE(.BOTH.,#5976);
#5974=SURFACE_STYLE_USAGE(.BOTH.,#5977);
#5975=SURFACE_STYLE_USAGE(.BOTH.,#5978);
#5976=SURFACE_SIDE_STYLE('',(#5979));
#5977=SURFACE_SIDE_STYLE('',(#5980));
#5978=SURFACE_SIDE_STYLE('',(#5981));
#5979=SURFACE_STYLE_FILL_AREA(#5982);
#5980=SURFACE_STYLE_FILL_AREA(#5983);
#5981=SURFACE_STYLE_FILL_AREA(#5984);
#5982=FILL_AREA_STYLE('A\X\E7o - Acetinado',(#5985));
#5983=FILL_AREA_STYLE('PEEK',(#5986));
#5984=FILL_AREA_STYLE(
'EPX 150 \X2\2013\X0\ Consolidado de ar (com impressoras 3D Carbon M2 
M3 L1)',(#5987));
#5985=FILL_AREA_STYLE_COLOUR('A\X\E7o - Acetinado',#5988);
#5986=FILL_AREA_STYLE_COLOUR('PEEK',#5989);
#5987=FILL_AREA_STYLE_COLOUR(
'EPX 150 \X2\2013\X0\ Consolidado de ar (com impressoras 3D Carbon M2 
M3 L1)',#5990);
#5988=COLOUR_RGB('A\X\E7o - Acetinado',0.627450980392157,0.627450980392157,
0.627450980392157);
#5989=COLOUR_RGB('PEEK',0.6,0.509803921568627,0.368627450980392);
#5990=COLOUR_RGB(
'EPX 150 \X2\2013\X0\ Consolidado de ar (com impressoras 3D Carbon M2 
M3 L1)',0.247058823529412,0.247058823529412,0.247058823529412);
ENDSEC;
END-ISO-10303-21;
